id,created_at,updated_at,deleted_at,name,type1,hp,attack,defense,sp_attack,sp_defense,speed
1,2022-06-06 10:51:08.106762-07:00,2022-06-06 10:51:08.106762-07:00,,Bulbasaur,grass poison,45,49,49,65,65,45
2,2022-06-06 10:51:08.106762-07:00,2022-06-06 10:51:08.106762-07:00,,Ivysaur,grass poison,60,62,63,80,80,60
3,2022-06-06 10:51:08.106762-07:00,2022-06-06 10:51:08.106762-07:00,,Venusaur,grass poison,80,100,123,122,120,80
4,2022-06-06 10:51:08.106762-07:00,2022-06-06 10:51:08.106762-07:00,,Charmander,fire nan,39,52,43,60,50,65
5,2022-06-06 10:51:08.106762-07:00,2022-06-06 10:51:08.106762-07:00,,Charmeleon,fire nan,58,64,58,80,65,80
6,2022-06-06 10:51:08.106762-07:00,2022-06-06 10:51:08.106762-07:00,,Charizard,fire flying,78,104,78,159,115,100
7,2022-06-06 10:51:08.106762-07:00,2022-06-06 10:51:08.106762-07:00,,Squirtle,water nan,44,48,65,50,64,43
8,2022-06-06 10:51:08.106762-07:00,2022-06-06 10:51:08.106762-07:00,,Wartortle,water nan,59,63,80,65,80,58
9,2022-06-06 10:51:08.106762-07:00,2022-06-06 10:51:08.106762-07:00,,Blastoise,water nan,79,103,120,135,115,78
10,2022-06-06 10:51:08.106762-07:00,2022-06-06 10:51:08.106762-07:00,,Caterpie,bug nan,45,30,35,20,20,45
11,2022-06-06 10:51:08.106762-07:00,2022-06-06 10:51:08.106762-07:00,,Metapod,bug nan,50,20,55,25,25,30
12,2022-06-06 10:51:08.106762-07:00,2022-06-06 10:51:08.106762-07:00,,Butterfree,bug flying,60,45,50,90,80,70
13,2022-06-06 10:51:08.106762-07:00,2022-06-06 10:51:08.106762-07:00,,Weedle,bug poison,40,35,30,20,20,50
14,2022-06-06 10:51:08.106762-07:00,2022-06-06 10:51:08.106762-07:00,,Kakuna,bug poison,45,25,50,25,25,35
15,2022-06-06 10:51:08.106762-07:00,2022-06-06 10:51:08.106762-07:00,,Beedrill,bug poison,65,150,40,15,80,145
16,2022-06-06 10:51:08.106762-07:00,2022-06-06 10:51:08.106762-07:00,,Pidgey,normal flying,40,45,40,35,35,56
17,2022-06-06 10:51:08.106762-07:00,2022-06-06 10:51:08.106762-07:00,,Pidgeotto,normal flying,63,60,55,50,50,71
18,2022-06-06 10:51:08.106762-07:00,2022-06-06 10:51:08.106762-07:00,,Pidgeot,normal flying,83,80,80,135,80,121
19,2022-06-06 10:51:08.106762-07:00,2022-06-06 10:51:08.106762-07:00,,Rattata,normal dark,30,56,35,25,35,72
20,2022-06-06 10:51:08.106762-07:00,2022-06-06 10:51:08.106762-07:00,,Raticate,normal dark,75,71,70,40,80,77
21,2022-06-06 10:51:08.106762-07:00,2022-06-06 10:51:08.106762-07:00,,Spearow,normal flying,40,60,30,31,31,70
22,2022-06-06 10:51:08.106762-07:00,2022-06-06 10:51:08.106762-07:00,,Fearow,normal flying,65,90,65,61,61,100
23,2022-06-06 10:51:08.106762-07:00,2022-06-06 10:51:08.106762-07:00,,Ekans,poison nan,35,60,44,40,54,55
24,2022-06-06 10:51:08.106762-07:00,2022-06-06 10:51:08.106762-07:00,,Arbok,poison nan,60,95,69,65,79,80
25,2022-06-06 10:51:08.106762-07:00,2022-06-06 10:51:08.106762-07:00,,Pikachu,electric nan,35,55,40,50,50,90
26,2022-06-06 10:51:08.106762-07:00,2022-06-06 10:51:08.106762-07:00,,Raichu,electric electric,60,85,50,95,85,110
27,2022-06-06 10:51:08.106762-07:00,2022-06-06 10:51:08.106762-07:00,,Sandshrew,ground ice,50,75,90,10,35,40
28,2022-06-06 10:51:08.106762-07:00,2022-06-06 10:51:08.106762-07:00,,Sandslash,ground ice,75,100,120,25,65,65
29,2022-06-06 10:51:08.106762-07:00,2022-06-06 10:51:08.106762-07:00,,Nidoran♀,poison nan,55,47,52,40,40,41
30,2022-06-06 10:51:08.106762-07:00,2022-06-06 10:51:08.106762-07:00,,Nidorina,poison nan,70,62,67,55,55,56
31,2022-06-06 10:51:08.106762-07:00,2022-06-06 10:51:08.106762-07:00,,Nidoqueen,poison ground,90,92,87,75,85,76
32,2022-06-06 10:51:08.106762-07:00,2022-06-06 10:51:08.106762-07:00,,Nidoran♂,poison nan,46,57,40,40,40,50
33,2022-06-06 10:51:08.106762-07:00,2022-06-06 10:51:08.106762-07:00,,Nidorino,poison nan,61,72,57,55,55,65
34,2022-06-06 10:51:08.106762-07:00,2022-06-06 10:51:08.106762-07:00,,Nidoking,poison ground,81,102,77,85,75,85
35,2022-06-06 10:51:08.106762-07:00,2022-06-06 10:51:08.106762-07:00,,Clefairy,fairy nan,70,45,48,60,65,35
36,2022-06-06 10:51:08.106762-07:00,2022-06-06 10:51:08.106762-07:00,,Clefable,fairy nan,95,70,73,95,90,60
37,2022-06-06 10:51:08.106762-07:00,2022-06-06 10:51:08.106762-07:00,,Vulpix,fire ice,38,41,40,50,65,65
38,2022-06-06 10:51:08.106762-07:00,2022-06-06 10:51:08.106762-07:00,,Ninetales,fire ice,73,67,75,81,100,109
39,2022-06-06 10:51:08.106762-07:00,2022-06-06 10:51:08.106762-07:00,,Jigglypuff,normal fairy,115,45,20,45,25,20
40,2022-06-06 10:51:08.106762-07:00,2022-06-06 10:51:08.106762-07:00,,Wigglytuff,normal fairy,140,70,45,85,50,45
41,2022-06-06 10:51:08.106762-07:00,2022-06-06 10:51:08.106762-07:00,,Zubat,poison flying,40,45,35,30,40,55
42,2022-06-06 10:51:08.106762-07:00,2022-06-06 10:51:08.106762-07:00,,Golbat,poison flying,75,80,70,65,75,90
43,2022-06-06 10:51:08.106762-07:00,2022-06-06 10:51:08.106762-07:00,,Oddish,grass poison,45,50,55,75,65,30
44,2022-06-06 10:51:08.106762-07:00,2022-06-06 10:51:08.106762-07:00,,Gloom,grass poison,60,65,70,85,75,40
45,2022-06-06 10:51:08.106762-07:00,2022-06-06 10:51:08.106762-07:00,,Vileplume,grass poison,75,80,85,110,90,50
46,2022-06-06 10:51:08.106762-07:00,2022-06-06 10:51:08.106762-07:00,,Paras,bug grass,35,70,55,45,55,25
47,2022-06-06 10:51:08.106762-07:00,2022-06-06 10:51:08.106762-07:00,,Parasect,bug grass,60,95,80,60,80,30
48,2022-06-06 10:51:08.106762-07:00,2022-06-06 10:51:08.106762-07:00,,Venonat,bug poison,60,55,50,40,55,45
49,2022-06-06 10:51:08.106762-07:00,2022-06-06 10:51:08.106762-07:00,,Venomoth,bug poison,70,65,60,90,75,90
50,2022-06-06 10:51:08.106762-07:00,2022-06-06 10:51:08.106762-07:00,,Diglett,ground ground,10,55,30,35,45,90
51,2022-06-06 10:51:08.106762-07:00,2022-06-06 10:51:08.106762-07:00,,Dugtrio,ground ground,35,100,60,50,70,110
52,2022-06-06 10:51:08.106762-07:00,2022-06-06 10:51:08.106762-07:00,,Meowth,normal dark,40,35,35,50,40,90
53,2022-06-06 10:51:08.106762-07:00,2022-06-06 10:51:08.106762-07:00,,Persian,normal dark,65,60,60,75,65,115
54,2022-06-06 10:51:08.106762-07:00,2022-06-06 10:51:08.106762-07:00,,Psyduck,water nan,50,52,48,65,50,55
55,2022-06-06 10:51:08.106762-07:00,2022-06-06 10:51:08.106762-07:00,,Golduck,water nan,80,82,78,95,80,85
56,2022-06-06 10:51:08.106762-07:00,2022-06-06 10:51:08.106762-07:00,,Mankey,fighting nan,40,80,35,35,45,70
57,2022-06-06 10:51:08.106762-07:00,2022-06-06 10:51:08.106762-07:00,,Primeape,fighting nan,65,105,60,60,70,95
58,2022-06-06 10:51:08.106762-07:00,2022-06-06 10:51:08.106762-07:00,,Growlithe,fire nan,55,70,45,70,50,60
59,2022-06-06 10:51:08.106762-07:00,2022-06-06 10:51:08.106762-07:00,,Arcanine,fire nan,90,110,80,100,80,95
60,2022-06-06 10:51:08.106762-07:00,2022-06-06 10:51:08.106762-07:00,,Poliwag,water nan,40,50,40,40,40,90
61,2022-06-06 10:51:08.106762-07:00,2022-06-06 10:51:08.106762-07:00,,Poliwhirl,water nan,65,65,65,50,50,90
62,2022-06-06 10:51:08.106762-07:00,2022-06-06 10:51:08.106762-07:00,,Poliwrath,water fighting,90,95,95,70,90,70
63,2022-06-06 10:51:08.106762-07:00,2022-06-06 10:51:08.106762-07:00,,Abra,psychic nan,25,20,15,105,55,90
64,2022-06-06 10:51:08.106762-07:00,2022-06-06 10:51:08.106762-07:00,,Kadabra,psychic nan,40,35,30,120,70,105
65,2022-06-06 10:51:08.106762-07:00,2022-06-06 10:51:08.106762-07:00,,Alakazam,psychic nan,55,50,65,175,105,150
66,2022-06-06 10:51:08.106762-07:00,2022-06-06 10:51:08.106762-07:00,,Machop,fighting nan,70,80,50,35,35,35
67,2022-06-06 10:51:08.106762-07:00,2022-06-06 10:51:08.106762-07:00,,Machoke,fighting nan,80,100,70,50,60,45
68,2022-06-06 10:51:08.106762-07:00,2022-06-06 10:51:08.106762-07:00,,Machamp,fighting nan,90,130,80,65,85,55
69,2022-06-06 10:51:08.106762-07:00,2022-06-06 10:51:08.106762-07:00,,Bellsprout,grass poison,50,75,35,70,30,40
70,2022-06-06 10:51:08.106762-07:00,2022-06-06 10:51:08.106762-07:00,,Weepinbell,grass poison,65,90,50,85,45,55
71,2022-06-06 10:51:08.106762-07:00,2022-06-06 10:51:08.106762-07:00,,Victreebel,grass poison,80,105,65,100,70,70
72,2022-06-06 10:51:08.106762-07:00,2022-06-06 10:51:08.106762-07:00,,Tentacool,water poison,40,40,35,50,100,70
73,2022-06-06 10:51:08.106762-07:00,2022-06-06 10:51:08.106762-07:00,,Tentacruel,water poison,80,70,65,80,120,100
74,2022-06-06 10:51:08.106762-07:00,2022-06-06 10:51:08.106762-07:00,,Geodude,rock ground,40,80,100,30,30,20
75,2022-06-06 10:51:08.106762-07:00,2022-06-06 10:51:08.106762-07:00,,Graveler,rock ground,55,95,115,45,45,35
76,2022-06-06 10:51:08.106762-07:00,2022-06-06 10:51:08.106762-07:00,,Golem,rock ground,80,120,130,55,65,45
77,2022-06-06 10:51:08.106762-07:00,2022-06-06 10:51:08.106762-07:00,,Ponyta,fire nan,50,85,55,65,65,90
78,2022-06-06 10:51:08.106762-07:00,2022-06-06 10:51:08.106762-07:00,,Rapidash,fire nan,65,100,70,80,80,105
79,2022-06-06 10:51:08.106762-07:00,2022-06-06 10:51:08.106762-07:00,,Slowpoke,water psychic,90,65,65,40,40,15
80,2022-06-06 10:51:08.106762-07:00,2022-06-06 10:51:08.106762-07:00,,Slowbro,water psychic,95,75,180,130,80,30
81,2022-06-06 10:51:08.106762-07:00,2022-06-06 10:51:08.106762-07:00,,Magnemite,electric steel,25,35,70,95,55,45
82,2022-06-06 10:51:08.106762-07:00,2022-06-06 10:51:08.106762-07:00,,Magneton,electric steel,50,60,95,120,70,70
83,2022-06-06 10:51:08.106762-07:00,2022-06-06 10:51:08.106762-07:00,,Farfetch'd,normal flying,52,90,55,58,62,60
84,2022-06-06 10:51:08.106762-07:00,2022-06-06 10:51:08.106762-07:00,,Doduo,normal flying,35,85,45,35,35,75
85,2022-06-06 10:51:08.106762-07:00,2022-06-06 10:51:08.106762-07:00,,Dodrio,normal flying,60,110,70,60,60,110
86,2022-06-06 10:51:08.106762-07:00,2022-06-06 10:51:08.106762-07:00,,Seel,water nan,65,45,55,45,70,45
87,2022-06-06 10:51:08.106762-07:00,2022-06-06 10:51:08.106762-07:00,,Dewgong,water ice,90,70,80,70,95,70
88,2022-06-06 10:51:08.106762-07:00,2022-06-06 10:51:08.106762-07:00,,Grimer,poison poison,80,80,50,40,50,25
89,2022-06-06 10:51:08.106762-07:00,2022-06-06 10:51:08.106762-07:00,,Muk,poison poison,105,105,75,65,100,50
90,2022-06-06 10:51:08.106762-07:00,2022-06-06 10:51:08.106762-07:00,,Shellder,water nan,30,65,100,45,25,40
91,2022-06-06 10:51:08.106762-07:00,2022-06-06 10:51:08.106762-07:00,,Cloyster,water ice,50,95,180,85,45,70
92,2022-06-06 10:51:08.106762-07:00,2022-06-06 10:51:08.106762-07:00,,Gastly,ghost poison,30,35,30,100,35,80
93,2022-06-06 10:51:08.106762-07:00,2022-06-06 10:51:08.106762-07:00,,Haunter,ghost poison,45,50,45,115,55,95
94,2022-06-06 10:51:08.106762-07:00,2022-06-06 10:51:08.106762-07:00,,Gengar,ghost poison,60,65,80,170,95,130
95,2022-06-06 10:51:08.106762-07:00,2022-06-06 10:51:08.106762-07:00,,Onix,rock ground,35,45,160,30,45,70
96,2022-06-06 10:51:08.106762-07:00,2022-06-06 10:51:08.106762-07:00,,Drowzee,psychic nan,60,48,45,43,90,42
97,2022-06-06 10:51:08.106762-07:00,2022-06-06 10:51:08.106762-07:00,,Hypno,psychic nan,85,73,70,73,115,67
98,2022-06-06 10:51:08.106762-07:00,2022-06-06 10:51:08.106762-07:00,,Krabby,water nan,30,105,90,25,25,50
99,2022-06-06 10:51:08.106762-07:00,2022-06-06 10:51:08.106762-07:00,,Kingler,water nan,55,130,115,50,50,75
100,2022-06-06 10:51:08.106762-07:00,2022-06-06 10:51:08.106762-07:00,,Voltorb,electric nan,40,30,50,55,55,100
101,2022-06-06 10:51:08.106762-07:00,2022-06-06 10:51:08.106762-07:00,,Electrode,electric nan,60,50,70,80,80,150
102,2022-06-06 10:51:08.106762-07:00,2022-06-06 10:51:08.106762-07:00,,Exeggcute,grass psychic,60,40,80,60,45,40
103,2022-06-06 10:51:08.106762-07:00,2022-06-06 10:51:08.106762-07:00,,Exeggutor,grass psychic,95,105,85,125,75,45
104,2022-06-06 10:51:08.106762-07:00,2022-06-06 10:51:08.106762-07:00,,Cubone,ground nan,50,50,95,40,50,35
105,2022-06-06 10:51:08.106762-07:00,2022-06-06 10:51:08.106762-07:00,,Marowak,ground fire,60,80,110,50,80,45
106,2022-06-06 10:51:08.106762-07:00,2022-06-06 10:51:08.106762-07:00,,Hitmonlee,fighting nan,50,120,53,35,110,87
107,2022-06-06 10:51:08.106762-07:00,2022-06-06 10:51:08.106762-07:00,,Hitmonchan,fighting nan,50,105,79,35,110,76
108,2022-06-06 10:51:08.106762-07:00,2022-06-06 10:51:08.106762-07:00,,Lickitung,normal nan,90,55,75,60,75,30
109,2022-06-06 10:51:08.106762-07:00,2022-06-06 10:51:08.106762-07:00,,Koffing,poison nan,40,65,95,60,45,35
110,2022-06-06 10:51:08.106762-07:00,2022-06-06 10:51:08.106762-07:00,,Weezing,poison nan,65,90,120,85,70,60
111,2022-06-06 10:51:08.106762-07:00,2022-06-06 10:51:08.106762-07:00,,Rhyhorn,ground rock,80,85,95,30,30,25
112,2022-06-06 10:51:08.106762-07:00,2022-06-06 10:51:08.106762-07:00,,Rhydon,ground rock,105,130,120,45,45,40
113,2022-06-06 10:51:08.106762-07:00,2022-06-06 10:51:08.106762-07:00,,Chansey,normal nan,250,5,5,35,105,50
114,2022-06-06 10:51:08.106762-07:00,2022-06-06 10:51:08.106762-07:00,,Tangela,grass nan,65,55,115,100,40,60
115,2022-06-06 10:51:08.106762-07:00,2022-06-06 10:51:08.106762-07:00,,Kangaskhan,normal nan,105,125,100,60,100,100
116,2022-06-06 10:51:08.106762-07:00,2022-06-06 10:51:08.106762-07:00,,Horsea,water nan,30,40,70,70,25,60
117,2022-06-06 10:51:08.106762-07:00,2022-06-06 10:51:08.106762-07:00,,Seadra,water nan,55,65,95,95,45,85
118,2022-06-06 10:51:08.106762-07:00,2022-06-06 10:51:08.106762-07:00,,Goldeen,water nan,45,67,60,35,50,63
119,2022-06-06 10:51:08.106762-07:00,2022-06-06 10:51:08.106762-07:00,,Seaking,water nan,80,92,65,65,80,68
120,2022-06-06 10:51:08.106762-07:00,2022-06-06 10:51:08.106762-07:00,,Staryu,water nan,30,45,55,70,55,85
121,2022-06-06 10:51:08.106762-07:00,2022-06-06 10:51:08.106762-07:00,,Starmie,water psychic,60,75,85,100,85,115
122,2022-06-06 10:51:08.106762-07:00,2022-06-06 10:51:08.106762-07:00,,Mr. Mime,psychic fairy,40,45,65,100,120,90
123,2022-06-06 10:51:08.106762-07:00,2022-06-06 10:51:08.106762-07:00,,Scyther,bug flying,70,110,80,55,80,105
124,2022-06-06 10:51:08.106762-07:00,2022-06-06 10:51:08.106762-07:00,,Jynx,ice psychic,65,50,35,115,95,95
125,2022-06-06 10:51:08.106762-07:00,2022-06-06 10:51:08.106762-07:00,,Electabuzz,electric nan,65,83,57,95,85,105
126,2022-06-06 10:51:08.106762-07:00,2022-06-06 10:51:08.106762-07:00,,Magmar,fire nan,65,95,57,100,85,93
127,2022-06-06 10:51:08.106762-07:00,2022-06-06 10:51:08.106762-07:00,,Pinsir,bug nan,65,155,120,65,90,105
128,2022-06-06 10:51:08.106762-07:00,2022-06-06 10:51:08.106762-07:00,,Tauros,normal nan,75,100,95,40,70,110
129,2022-06-06 10:51:08.106762-07:00,2022-06-06 10:51:08.106762-07:00,,Magikarp,water nan,20,10,55,15,20,80
130,2022-06-06 10:51:08.106762-07:00,2022-06-06 10:51:08.106762-07:00,,Gyarados,water flying,95,155,109,70,130,81
131,2022-06-06 10:51:08.106762-07:00,2022-06-06 10:51:08.106762-07:00,,Lapras,water ice,130,85,80,85,95,60
132,2022-06-06 10:51:08.106762-07:00,2022-06-06 10:51:08.106762-07:00,,Ditto,normal nan,48,48,48,48,48,48
133,2022-06-06 10:51:08.106762-07:00,2022-06-06 10:51:08.106762-07:00,,Eevee,normal nan,55,55,50,45,65,55
134,2022-06-06 10:51:08.106762-07:00,2022-06-06 10:51:08.106762-07:00,,Vaporeon,water nan,130,65,60,110,95,65
135,2022-06-06 10:51:08.106762-07:00,2022-06-06 10:51:08.106762-07:00,,Jolteon,electric nan,65,65,60,110,95,130
136,2022-06-06 10:51:08.106762-07:00,2022-06-06 10:51:08.106762-07:00,,Flareon,fire nan,65,130,60,95,110,65
137,2022-06-06 10:51:08.106762-07:00,2022-06-06 10:51:08.106762-07:00,,Porygon,normal nan,65,60,70,85,75,40
138,2022-06-06 10:51:08.106762-07:00,2022-06-06 10:51:08.106762-07:00,,Omanyte,rock water,35,40,100,90,55,35
139,2022-06-06 10:51:08.106762-07:00,2022-06-06 10:51:08.106762-07:00,,Omastar,rock water,70,60,125,115,70,55
140,2022-06-06 10:51:08.106762-07:00,2022-06-06 10:51:08.106762-07:00,,Kabuto,rock water,30,80,90,55,45,55
141,2022-06-06 10:51:08.106762-07:00,2022-06-06 10:51:08.106762-07:00,,Kabutops,rock water,60,115,105,65,70,80
142,2022-06-06 10:51:08.106762-07:00,2022-06-06 10:51:08.106762-07:00,,Aerodactyl,rock flying,80,135,85,70,95,150
143,2022-06-06 10:51:08.106762-07:00,2022-06-06 10:51:08.106762-07:00,,Snorlax,normal nan,160,110,65,65,110,30
144,2022-06-06 10:51:08.106762-07:00,2022-06-06 10:51:08.106762-07:00,,Articuno,ice flying,90,85,100,95,125,85
145,2022-06-06 10:51:08.106762-07:00,2022-06-06 10:51:08.106762-07:00,,Zapdos,electric flying,90,90,85,125,90,100
146,2022-06-06 10:51:08.106762-07:00,2022-06-06 10:51:08.106762-07:00,,Moltres,fire flying,90,100,90,125,85,90
147,2022-06-06 10:51:08.106762-07:00,2022-06-06 10:51:08.106762-07:00,,Dratini,dragon nan,41,64,45,50,50,50
148,2022-06-06 10:51:08.106762-07:00,2022-06-06 10:51:08.106762-07:00,,Dragonair,dragon nan,61,84,65,70,70,70
149,2022-06-06 10:51:08.106762-07:00,2022-06-06 10:51:08.106762-07:00,,Dragonite,dragon flying,91,134,95,100,100,80
150,2022-06-06 10:51:08.106762-07:00,2022-06-06 10:51:08.106762-07:00,,Mewtwo,psychic nan,106,150,70,194,120,140
151,2022-06-06 10:51:08.106762-07:00,2022-06-06 10:51:08.106762-07:00,,Mew,psychic nan,100,100,100,100,100,100
152,2022-06-06 10:51:08.106762-07:00,2022-06-06 10:51:08.106762-07:00,,Chikorita,grass nan,45,49,65,49,65,45
153,2022-06-06 10:51:08.106762-07:00,2022-06-06 10:51:08.106762-07:00,,Bayleef,grass nan,60,62,80,63,80,60
154,2022-06-06 10:51:08.106762-07:00,2022-06-06 10:51:08.106762-07:00,,Meganium,grass nan,80,82,100,83,100,80
155,2022-06-06 10:51:08.106762-07:00,2022-06-06 10:51:08.106762-07:00,,Cyndaquil,fire nan,39,52,43,60,50,65
156,2022-06-06 10:51:08.106762-07:00,2022-06-06 10:51:08.106762-07:00,,Quilava,fire nan,58,64,58,80,65,80
157,2022-06-06 10:51:08.106762-07:00,2022-06-06 10:51:08.106762-07:00,,Typhlosion,fire nan,78,84,78,109,85,100
158,2022-06-06 10:51:08.106762-07:00,2022-06-06 10:51:08.106762-07:00,,Totodile,water nan,50,65,64,44,48,43
159,2022-06-06 10:51:08.106762-07:00,2022-06-06 10:51:08.106762-07:00,,Croconaw,water nan,65,80,80,59,63,58
160,2022-06-06 10:51:08.106762-07:00,2022-06-06 10:51:08.106762-07:00,,Feraligatr,water nan,85,105,100,79,83,78
161,2022-06-06 10:51:08.106762-07:00,2022-06-06 10:51:08.106762-07:00,,Sentret,normal nan,35,46,34,35,45,20
162,2022-06-06 10:51:08.106762-07:00,2022-06-06 10:51:08.106762-07:00,,Furret,normal nan,85,76,64,45,55,90
163,2022-06-06 10:51:08.106762-07:00,2022-06-06 10:51:08.106762-07:00,,Hoothoot,normal flying,60,30,30,36,56,50
164,2022-06-06 10:51:08.106762-07:00,2022-06-06 10:51:08.106762-07:00,,Noctowl,normal flying,100,50,50,86,96,70
165,2022-06-06 10:51:08.106762-07:00,2022-06-06 10:51:08.106762-07:00,,Ledyba,bug flying,40,20,30,40,80,55
166,2022-06-06 10:51:08.106762-07:00,2022-06-06 10:51:08.106762-07:00,,Ledian,bug flying,55,35,50,55,110,85
167,2022-06-06 10:51:08.106762-07:00,2022-06-06 10:51:08.106762-07:00,,Spinarak,bug poison,40,60,40,40,40,30
168,2022-06-06 10:51:08.106762-07:00,2022-06-06 10:51:08.106762-07:00,,Ariados,bug poison,70,90,70,60,70,40
169,2022-06-06 10:51:08.106762-07:00,2022-06-06 10:51:08.106762-07:00,,Crobat,poison flying,85,90,80,70,80,130
170,2022-06-06 10:51:08.106762-07:00,2022-06-06 10:51:08.106762-07:00,,Chinchou,water electric,75,38,38,56,56,67
171,2022-06-06 10:51:08.106762-07:00,2022-06-06 10:51:08.106762-07:00,,Lanturn,water electric,125,58,58,76,76,67
172,2022-06-06 10:51:08.106762-07:00,2022-06-06 10:51:08.106762-07:00,,Pichu,electric nan,20,40,15,35,35,60
173,2022-06-06 10:51:08.106762-07:00,2022-06-06 10:51:08.106762-07:00,,Cleffa,fairy nan,50,25,28,45,55,15
174,2022-06-06 10:51:08.106762-07:00,2022-06-06 10:51:08.106762-07:00,,Igglybuff,normal fairy,90,30,15,40,20,15
175,2022-06-06 10:51:08.106762-07:00,2022-06-06 10:51:08.106762-07:00,,Togepi,fairy nan,35,20,65,40,65,20
176,2022-06-06 10:51:08.106762-07:00,2022-06-06 10:51:08.106762-07:00,,Togetic,fairy flying,55,40,85,80,105,40
177,2022-06-06 10:51:08.106762-07:00,2022-06-06 10:51:08.106762-07:00,,Natu,psychic flying,40,50,45,70,45,70
178,2022-06-06 10:51:08.106762-07:00,2022-06-06 10:51:08.106762-07:00,,Xatu,psychic flying,65,75,70,95,70,95
179,2022-06-06 10:51:08.106762-07:00,2022-06-06 10:51:08.106762-07:00,,Mareep,electric nan,55,40,40,65,45,35
180,2022-06-06 10:51:08.106762-07:00,2022-06-06 10:51:08.106762-07:00,,Flaaffy,electric nan,70,55,55,80,60,45
181,2022-06-06 10:51:08.106762-07:00,2022-06-06 10:51:08.106762-07:00,,Ampharos,electric nan,90,95,105,165,110,45
182,2022-06-06 10:51:08.106762-07:00,2022-06-06 10:51:08.106762-07:00,,Bellossom,grass nan,75,80,95,90,100,50
183,2022-06-06 10:51:08.106762-07:00,2022-06-06 10:51:08.106762-07:00,,Marill,water fairy,70,20,50,20,50,40
184,2022-06-06 10:51:08.106762-07:00,2022-06-06 10:51:08.106762-07:00,,Azumarill,water fairy,100,50,80,60,80,50
185,2022-06-06 10:51:08.106762-07:00,2022-06-06 10:51:08.106762-07:00,,Sudowoodo,rock nan,70,100,115,30,65,30
186,2022-06-06 10:51:08.106762-07:00,2022-06-06 10:51:08.106762-07:00,,Politoed,water nan,90,75,75,90,100,70
187,2022-06-06 10:51:08.106762-07:00,2022-06-06 10:51:08.106762-07:00,,Hoppip,grass flying,35,35,40,35,55,50
188,2022-06-06 10:51:08.106762-07:00,2022-06-06 10:51:08.106762-07:00,,Skiploom,grass flying,55,45,50,45,65,80
189,2022-06-06 10:51:08.106762-07:00,2022-06-06 10:51:08.106762-07:00,,Jumpluff,grass flying,75,55,70,55,95,110
190,2022-06-06 10:51:08.106762-07:00,2022-06-06 10:51:08.106762-07:00,,Aipom,normal nan,55,70,55,40,55,85
191,2022-06-06 10:51:08.106762-07:00,2022-06-06 10:51:08.106762-07:00,,Sunkern,grass nan,30,30,30,30,30,30
192,2022-06-06 10:51:08.106762-07:00,2022-06-06 10:51:08.106762-07:00,,Sunflora,grass nan,75,75,55,105,85,30
193,2022-06-06 10:51:08.106762-07:00,2022-06-06 10:51:08.106762-07:00,,Yanma,bug flying,65,65,45,75,45,95
194,2022-06-06 10:51:08.106762-07:00,2022-06-06 10:51:08.106762-07:00,,Wooper,water ground,55,45,45,25,25,15
195,2022-06-06 10:51:08.106762-07:00,2022-06-06 10:51:08.106762-07:00,,Quagsire,water ground,95,85,85,65,65,35
196,2022-06-06 10:51:08.106762-07:00,2022-06-06 10:51:08.106762-07:00,,Espeon,psychic nan,65,65,60,130,95,110
197,2022-06-06 10:51:08.106762-07:00,2022-06-06 10:51:08.106762-07:00,,Umbreon,dark nan,95,65,110,60,130,65
198,2022-06-06 10:51:08.106762-07:00,2022-06-06 10:51:08.106762-07:00,,Murkrow,dark flying,60,85,42,85,42,91
199,2022-06-06 10:51:08.106762-07:00,2022-06-06 10:51:08.106762-07:00,,Slowking,water psychic,95,75,80,100,110,30
200,2022-06-06 10:51:08.106762-07:00,2022-06-06 10:51:08.106762-07:00,,Misdreavus,ghost nan,60,60,60,85,85,85
201,2022-06-06 10:51:08.106762-07:00,2022-06-06 10:51:08.106762-07:00,,Unown,psychic nan,48,72,48,72,48,48
202,2022-06-06 10:51:08.106762-07:00,2022-06-06 10:51:08.106762-07:00,,Wobbuffet,psychic nan,190,33,58,33,58,33
203,2022-06-06 10:51:08.106762-07:00,2022-06-06 10:51:08.106762-07:00,,Girafarig,normal psychic,70,80,65,90,65,85
204,2022-06-06 10:51:08.106762-07:00,2022-06-06 10:51:08.106762-07:00,,Pineco,bug nan,50,65,90,35,35,15
205,2022-06-06 10:51:08.106762-07:00,2022-06-06 10:51:08.106762-07:00,,Forretress,bug steel,75,90,140,60,60,40
206,2022-06-06 10:51:08.106762-07:00,2022-06-06 10:51:08.106762-07:00,,Dunsparce,normal nan,100,70,70,65,65,45
207,2022-06-06 10:51:08.106762-07:00,2022-06-06 10:51:08.106762-07:00,,Gligar,ground flying,65,75,105,35,65,85
208,2022-06-06 10:51:08.106762-07:00,2022-06-06 10:51:08.106762-07:00,,Steelix,steel ground,75,125,230,55,95,30
209,2022-06-06 10:51:08.106762-07:00,2022-06-06 10:51:08.106762-07:00,,Snubbull,fairy nan,60,80,50,40,40,30
210,2022-06-06 10:51:08.106762-07:00,2022-06-06 10:51:08.106762-07:00,,Granbull,fairy nan,90,120,75,60,60,45
211,2022-06-06 10:51:08.106762-07:00,2022-06-06 10:51:08.106762-07:00,,Qwilfish,water poison,65,95,85,55,55,85
212,2022-06-06 10:51:08.106762-07:00,2022-06-06 10:51:08.106762-07:00,,Scizor,bug steel,70,150,140,65,100,75
213,2022-06-06 10:51:08.106762-07:00,2022-06-06 10:51:08.106762-07:00,,Shuckle,bug rock,20,10,230,10,230,5
214,2022-06-06 10:51:08.106762-07:00,2022-06-06 10:51:08.106762-07:00,,Heracross,bug fighting,80,185,115,40,105,75
215,2022-06-06 10:51:08.106762-07:00,2022-06-06 10:51:08.106762-07:00,,Sneasel,dark ice,55,95,55,35,75,115
216,2022-06-06 10:51:08.106762-07:00,2022-06-06 10:51:08.106762-07:00,,Teddiursa,normal nan,60,80,50,50,50,40
217,2022-06-06 10:51:08.106762-07:00,2022-06-06 10:51:08.106762-07:00,,Ursaring,normal nan,90,130,75,75,75,55
218,2022-06-06 10:51:08.106762-07:00,2022-06-06 10:51:08.106762-07:00,,Slugma,fire nan,40,40,40,70,40,20
219,2022-06-06 10:51:08.106762-07:00,2022-06-06 10:51:08.106762-07:00,,Magcargo,fire rock,60,50,120,90,80,30
220,2022-06-06 10:51:08.106762-07:00,2022-06-06 10:51:08.106762-07:00,,Swinub,ice ground,50,50,40,30,30,50
221,2022-06-06 10:51:08.106762-07:00,2022-06-06 10:51:08.106762-07:00,,Piloswine,ice ground,100,100,80,60,60,50
222,2022-06-06 10:51:08.106762-07:00,2022-06-06 10:51:08.106762-07:00,,Corsola,water rock,65,55,95,65,95,35
223,2022-06-06 10:51:08.106762-07:00,2022-06-06 10:51:08.106762-07:00,,Remoraid,water nan,35,65,35,65,35,65
224,2022-06-06 10:51:08.106762-07:00,2022-06-06 10:51:08.106762-07:00,,Octillery,water nan,75,105,75,105,75,45
225,2022-06-06 10:51:08.106762-07:00,2022-06-06 10:51:08.106762-07:00,,Delibird,ice flying,45,55,45,65,45,75
226,2022-06-06 10:51:08.106762-07:00,2022-06-06 10:51:08.106762-07:00,,Mantine,water flying,85,40,70,80,140,70
227,2022-06-06 10:51:08.106762-07:00,2022-06-06 10:51:08.106762-07:00,,Skarmory,steel flying,65,80,140,40,70,70
228,2022-06-06 10:51:08.106762-07:00,2022-06-06 10:51:08.106762-07:00,,Houndour,dark fire,45,60,30,80,50,65
229,2022-06-06 10:51:08.106762-07:00,2022-06-06 10:51:08.106762-07:00,,Houndoom,dark fire,75,90,90,140,90,115
230,2022-06-06 10:51:08.106762-07:00,2022-06-06 10:51:08.106762-07:00,,Kingdra,water dragon,75,95,95,95,95,85
231,2022-06-06 10:51:08.106762-07:00,2022-06-06 10:51:08.106762-07:00,,Phanpy,ground nan,90,60,60,40,40,40
232,2022-06-06 10:51:08.106762-07:00,2022-06-06 10:51:08.106762-07:00,,Donphan,ground nan,90,120,120,60,60,50
233,2022-06-06 10:51:08.106762-07:00,2022-06-06 10:51:08.106762-07:00,,Porygon2,normal nan,85,80,90,105,95,60
234,2022-06-06 10:51:08.106762-07:00,2022-06-06 10:51:08.106762-07:00,,Stantler,normal nan,73,95,62,85,65,85
235,2022-06-06 10:51:08.106762-07:00,2022-06-06 10:51:08.106762-07:00,,Smeargle,normal nan,55,20,35,20,45,75
236,2022-06-06 10:51:08.106762-07:00,2022-06-06 10:51:08.106762-07:00,,Tyrogue,fighting nan,35,35,35,35,35,35
237,2022-06-06 10:51:08.106762-07:00,2022-06-06 10:51:08.106762-07:00,,Hitmontop,fighting nan,50,95,95,35,110,70
238,2022-06-06 10:51:08.106762-07:00,2022-06-06 10:51:08.106762-07:00,,Smoochum,ice psychic,45,30,15,85,65,65
239,2022-06-06 10:51:08.106762-07:00,2022-06-06 10:51:08.106762-07:00,,Elekid,electric nan,45,63,37,65,55,95
240,2022-06-06 10:51:08.106762-07:00,2022-06-06 10:51:08.106762-07:00,,Magby,fire nan,45,75,37,70,55,83
241,2022-06-06 10:51:08.106762-07:00,2022-06-06 10:51:08.106762-07:00,,Miltank,normal nan,95,80,105,40,70,100
242,2022-06-06 10:51:08.106762-07:00,2022-06-06 10:51:08.106762-07:00,,Blissey,normal nan,255,10,10,75,135,55
243,2022-06-06 10:51:08.106762-07:00,2022-06-06 10:51:08.106762-07:00,,Raikou,electric nan,90,85,75,115,100,115
244,2022-06-06 10:51:08.106762-07:00,2022-06-06 10:51:08.106762-07:00,,Entei,fire nan,115,115,85,90,75,100
245,2022-06-06 10:51:08.106762-07:00,2022-06-06 10:51:08.106762-07:00,,Suicune,water nan,100,75,115,90,115,85
246,2022-06-06 10:51:08.106762-07:00,2022-06-06 10:51:08.106762-07:00,,Larvitar,rock ground,50,64,50,45,50,41
247,2022-06-06 10:51:08.106762-07:00,2022-06-06 10:51:08.106762-07:00,,Pupitar,rock ground,70,84,70,65,70,51
248,2022-06-06 10:51:08.106762-07:00,2022-06-06 10:51:08.106762-07:00,,Tyranitar,rock dark,100,164,150,95,120,71
249,2022-06-06 10:51:08.106762-07:00,2022-06-06 10:51:08.106762-07:00,,Lugia,psychic flying,106,90,130,90,154,110
250,2022-06-06 10:51:08.106762-07:00,2022-06-06 10:51:08.106762-07:00,,Ho-Oh,fire flying,106,130,90,110,154,90
251,2022-06-06 10:51:08.106762-07:00,2022-06-06 10:51:08.106762-07:00,,Celebi,psychic grass,100,100,100,100,100,100
252,2022-06-06 10:51:08.106762-07:00,2022-06-06 10:51:08.106762-07:00,,Treecko,grass nan,40,45,35,65,55,70
253,2022-06-06 10:51:08.106762-07:00,2022-06-06 10:51:08.106762-07:00,,Grovyle,grass nan,50,65,45,85,65,95
254,2022-06-06 10:51:08.106762-07:00,2022-06-06 10:51:08.106762-07:00,,Sceptile,grass nan,70,110,75,145,85,145
255,2022-06-06 10:51:08.106762-07:00,2022-06-06 10:51:08.106762-07:00,,Torchic,fire nan,45,60,40,70,50,45
256,2022-06-06 10:51:08.106762-07:00,2022-06-06 10:51:08.106762-07:00,,Combusken,fire fighting,60,85,60,85,60,55
257,2022-06-06 10:51:08.106762-07:00,2022-06-06 10:51:08.106762-07:00,,Blaziken,fire fighting,80,160,80,130,80,100
258,2022-06-06 10:51:08.106762-07:00,2022-06-06 10:51:08.106762-07:00,,Mudkip,water nan,50,70,50,50,50,40
259,2022-06-06 10:51:08.106762-07:00,2022-06-06 10:51:08.106762-07:00,,Marshtomp,water ground,70,85,70,60,70,50
260,2022-06-06 10:51:08.106762-07:00,2022-06-06 10:51:08.106762-07:00,,Swampert,water ground,100,150,110,95,110,70
261,2022-06-06 10:51:08.106762-07:00,2022-06-06 10:51:08.106762-07:00,,Poochyena,dark nan,35,55,35,30,30,35
262,2022-06-06 10:51:08.106762-07:00,2022-06-06 10:51:08.106762-07:00,,Mightyena,dark nan,70,90,70,60,60,70
263,2022-06-06 10:51:08.106762-07:00,2022-06-06 10:51:08.106762-07:00,,Zigzagoon,normal nan,38,30,41,30,41,60
264,2022-06-06 10:51:08.106762-07:00,2022-06-06 10:51:08.106762-07:00,,Linoone,normal nan,78,70,61,50,61,100
265,2022-06-06 10:51:08.106762-07:00,2022-06-06 10:51:08.106762-07:00,,Wurmple,bug nan,45,45,35,20,30,20
266,2022-06-06 10:51:08.106762-07:00,2022-06-06 10:51:08.106762-07:00,,Silcoon,bug nan,50,35,55,25,25,15
267,2022-06-06 10:51:08.106762-07:00,2022-06-06 10:51:08.106762-07:00,,Beautifly,bug flying,60,70,50,100,50,65
268,2022-06-06 10:51:08.106762-07:00,2022-06-06 10:51:08.106762-07:00,,Cascoon,bug nan,50,35,55,25,25,15
269,2022-06-06 10:51:08.106762-07:00,2022-06-06 10:51:08.106762-07:00,,Dustox,bug poison,60,50,70,50,90,65
270,2022-06-06 10:51:08.106762-07:00,2022-06-06 10:51:08.106762-07:00,,Lotad,water grass,40,30,30,40,50,30
271,2022-06-06 10:51:08.106762-07:00,2022-06-06 10:51:08.106762-07:00,,Lombre,water grass,60,50,50,60,70,50
272,2022-06-06 10:51:08.106762-07:00,2022-06-06 10:51:08.106762-07:00,,Ludicolo,water grass,80,70,70,90,100,70
273,2022-06-06 10:51:08.106762-07:00,2022-06-06 10:51:08.106762-07:00,,Seedot,grass nan,40,40,50,30,30,30
274,2022-06-06 10:51:08.106762-07:00,2022-06-06 10:51:08.106762-07:00,,Nuzleaf,grass dark,70,70,40,60,40,60
275,2022-06-06 10:51:08.106762-07:00,2022-06-06 10:51:08.106762-07:00,,Shiftry,grass dark,90,100,60,90,60,80
276,2022-06-06 10:51:08.106762-07:00,2022-06-06 10:51:08.106762-07:00,,Taillow,normal flying,40,55,30,30,30,85
277,2022-06-06 10:51:08.106762-07:00,2022-06-06 10:51:08.106762-07:00,,Swellow,normal flying,60,85,60,75,50,125
278,2022-06-06 10:51:08.106762-07:00,2022-06-06 10:51:08.106762-07:00,,Wingull,water flying,40,30,30,55,30,85
279,2022-06-06 10:51:08.106762-07:00,2022-06-06 10:51:08.106762-07:00,,Pelipper,water flying,60,50,100,95,70,65
280,2022-06-06 10:51:08.106762-07:00,2022-06-06 10:51:08.106762-07:00,,Ralts,psychic fairy,28,25,25,45,35,40
281,2022-06-06 10:51:08.106762-07:00,2022-06-06 10:51:08.106762-07:00,,Kirlia,psychic fairy,38,35,35,65,55,50
282,2022-06-06 10:51:08.106762-07:00,2022-06-06 10:51:08.106762-07:00,,Gardevoir,psychic fairy,68,85,65,165,135,100
283,2022-06-06 10:51:08.106762-07:00,2022-06-06 10:51:08.106762-07:00,,Surskit,bug water,40,30,32,50,52,65
284,2022-06-06 10:51:08.106762-07:00,2022-06-06 10:51:08.106762-07:00,,Masquerain,bug flying,70,60,62,100,82,80
285,2022-06-06 10:51:08.106762-07:00,2022-06-06 10:51:08.106762-07:00,,Shroomish,grass nan,60,40,60,40,60,35
286,2022-06-06 10:51:08.106762-07:00,2022-06-06 10:51:08.106762-07:00,,Breloom,grass fighting,60,130,80,60,60,70
287,2022-06-06 10:51:08.106762-07:00,2022-06-06 10:51:08.106762-07:00,,Slakoth,normal nan,60,60,60,35,35,30
288,2022-06-06 10:51:08.106762-07:00,2022-06-06 10:51:08.106762-07:00,,Vigoroth,normal nan,80,80,80,55,55,90
289,2022-06-06 10:51:08.106762-07:00,2022-06-06 10:51:08.106762-07:00,,Slaking,normal nan,150,160,100,95,65,100
290,2022-06-06 10:51:08.106762-07:00,2022-06-06 10:51:08.106762-07:00,,Nincada,bug ground,31,45,90,30,30,40
291,2022-06-06 10:51:08.106762-07:00,2022-06-06 10:51:08.106762-07:00,,Ninjask,bug flying,61,90,45,50,50,160
292,2022-06-06 10:51:08.106762-07:00,2022-06-06 10:51:08.106762-07:00,,Shedinja,bug ghost,1,90,45,30,30,40
293,2022-06-06 10:51:08.106762-07:00,2022-06-06 10:51:08.106762-07:00,,Whismur,normal nan,64,51,23,51,23,28
294,2022-06-06 10:51:08.106762-07:00,2022-06-06 10:51:08.106762-07:00,,Loudred,normal nan,84,71,43,71,43,48
295,2022-06-06 10:51:08.106762-07:00,2022-06-06 10:51:08.106762-07:00,,Exploud,normal nan,104,91,63,91,73,68
296,2022-06-06 10:51:08.106762-07:00,2022-06-06 10:51:08.106762-07:00,,Makuhita,fighting nan,72,60,30,20,30,25
297,2022-06-06 10:51:08.106762-07:00,2022-06-06 10:51:08.106762-07:00,,Hariyama,fighting nan,144,120,60,40,60,50
298,2022-06-06 10:51:08.106762-07:00,2022-06-06 10:51:08.106762-07:00,,Azurill,normal fairy,50,20,40,20,40,20
299,2022-06-06 10:51:08.106762-07:00,2022-06-06 10:51:08.106762-07:00,,Nosepass,rock nan,30,45,135,45,90,30
300,2022-06-06 10:51:08.106762-07:00,2022-06-06 10:51:08.106762-07:00,,Skitty,normal nan,50,45,45,35,35,50
301,2022-06-06 10:51:08.106762-07:00,2022-06-06 10:51:08.106762-07:00,,Delcatty,normal nan,70,65,65,55,55,90
302,2022-06-06 10:51:08.106762-07:00,2022-06-06 10:51:08.106762-07:00,,Sableye,dark ghost,50,85,125,85,115,20
303,2022-06-06 10:51:08.106762-07:00,2022-06-06 10:51:08.106762-07:00,,Mawile,steel fairy,50,105,125,55,95,50
304,2022-06-06 10:51:08.106762-07:00,2022-06-06 10:51:08.106762-07:00,,Aron,steel rock,50,70,100,40,40,30
305,2022-06-06 10:51:08.106762-07:00,2022-06-06 10:51:08.106762-07:00,,Lairon,steel rock,60,90,140,50,50,40
306,2022-06-06 10:51:08.106762-07:00,2022-06-06 10:51:08.106762-07:00,,Aggron,steel rock,70,140,230,60,80,50
307,2022-06-06 10:51:08.106762-07:00,2022-06-06 10:51:08.106762-07:00,,Meditite,fighting psychic,30,40,55,40,55,60
308,2022-06-06 10:51:08.106762-07:00,2022-06-06 10:51:08.106762-07:00,,Medicham,fighting psychic,60,100,85,80,85,100
309,2022-06-06 10:51:08.106762-07:00,2022-06-06 10:51:08.106762-07:00,,Electrike,electric nan,40,45,40,65,40,65
310,2022-06-06 10:51:08.106762-07:00,2022-06-06 10:51:08.106762-07:00,,Manectric,electric nan,70,75,80,135,80,135
311,2022-06-06 10:51:08.106762-07:00,2022-06-06 10:51:08.106762-07:00,,Plusle,electric nan,60,50,40,85,75,95
312,2022-06-06 10:51:08.106762-07:00,2022-06-06 10:51:08.106762-07:00,,Minun,electric nan,60,40,50,75,85,95
313,2022-06-06 10:51:08.106762-07:00,2022-06-06 10:51:08.106762-07:00,,Volbeat,bug nan,65,73,75,47,85,85
314,2022-06-06 10:51:08.106762-07:00,2022-06-06 10:51:08.106762-07:00,,Illumise,bug nan,65,47,75,73,85,85
315,2022-06-06 10:51:08.106762-07:00,2022-06-06 10:51:08.106762-07:00,,Roselia,grass poison,50,60,45,100,80,65
316,2022-06-06 10:51:08.106762-07:00,2022-06-06 10:51:08.106762-07:00,,Gulpin,poison nan,70,43,53,43,53,40
317,2022-06-06 10:51:08.106762-07:00,2022-06-06 10:51:08.106762-07:00,,Swalot,poison nan,100,73,83,73,83,55
318,2022-06-06 10:51:08.106762-07:00,2022-06-06 10:51:08.106762-07:00,,Carvanha,water dark,45,90,20,65,20,65
319,2022-06-06 10:51:08.106762-07:00,2022-06-06 10:51:08.106762-07:00,,Sharpedo,water dark,70,140,70,110,65,105
320,2022-06-06 10:51:08.106762-07:00,2022-06-06 10:51:08.106762-07:00,,Wailmer,water nan,130,70,35,70,35,60
321,2022-06-06 10:51:08.106762-07:00,2022-06-06 10:51:08.106762-07:00,,Wailord,water nan,170,90,45,90,45,60
322,2022-06-06 10:51:08.106762-07:00,2022-06-06 10:51:08.106762-07:00,,Numel,fire ground,60,60,40,65,45,35
323,2022-06-06 10:51:08.106762-07:00,2022-06-06 10:51:08.106762-07:00,,Camerupt,fire ground,70,120,100,145,105,20
324,2022-06-06 10:51:08.106762-07:00,2022-06-06 10:51:08.106762-07:00,,Torkoal,fire nan,70,85,140,85,70,20
325,2022-06-06 10:51:08.106762-07:00,2022-06-06 10:51:08.106762-07:00,,Spoink,psychic nan,60,25,35,70,80,60
326,2022-06-06 10:51:08.106762-07:00,2022-06-06 10:51:08.106762-07:00,,Grumpig,psychic nan,80,45,65,90,110,80
327,2022-06-06 10:51:08.106762-07:00,2022-06-06 10:51:08.106762-07:00,,Spinda,normal nan,60,60,60,60,60,60
328,2022-06-06 10:51:08.106762-07:00,2022-06-06 10:51:08.106762-07:00,,Trapinch,ground nan,45,100,45,45,45,10
329,2022-06-06 10:51:08.106762-07:00,2022-06-06 10:51:08.106762-07:00,,Vibrava,ground dragon,50,70,50,50,50,70
330,2022-06-06 10:51:08.106762-07:00,2022-06-06 10:51:08.106762-07:00,,Flygon,ground dragon,80,100,80,80,80,100
331,2022-06-06 10:51:08.106762-07:00,2022-06-06 10:51:08.106762-07:00,,Cacnea,grass nan,50,85,40,85,40,35
332,2022-06-06 10:51:08.106762-07:00,2022-06-06 10:51:08.106762-07:00,,Cacturne,grass dark,70,115,60,115,60,55
333,2022-06-06 10:51:08.106762-07:00,2022-06-06 10:51:08.106762-07:00,,Swablu,normal flying,45,40,60,40,75,50
334,2022-06-06 10:51:08.106762-07:00,2022-06-06 10:51:08.106762-07:00,,Altaria,dragon flying,75,110,110,110,105,80
335,2022-06-06 10:51:08.106762-07:00,2022-06-06 10:51:08.106762-07:00,,Zangoose,normal nan,73,115,60,60,60,90
336,2022-06-06 10:51:08.106762-07:00,2022-06-06 10:51:08.106762-07:00,,Seviper,poison nan,73,100,60,100,60,65
337,2022-06-06 10:51:08.106762-07:00,2022-06-06 10:51:08.106762-07:00,,Lunatone,rock psychic,90,55,65,95,85,70
338,2022-06-06 10:51:08.106762-07:00,2022-06-06 10:51:08.106762-07:00,,Solrock,rock psychic,90,95,85,55,65,70
339,2022-06-06 10:51:08.106762-07:00,2022-06-06 10:51:08.106762-07:00,,Barboach,water ground,50,48,43,46,41,60
340,2022-06-06 10:51:08.106762-07:00,2022-06-06 10:51:08.106762-07:00,,Whiscash,water ground,110,78,73,76,71,60
341,2022-06-06 10:51:08.106762-07:00,2022-06-06 10:51:08.106762-07:00,,Corphish,water nan,43,80,65,50,35,35
342,2022-06-06 10:51:08.106762-07:00,2022-06-06 10:51:08.106762-07:00,,Crawdaunt,water dark,63,120,85,90,55,55
343,2022-06-06 10:51:08.106762-07:00,2022-06-06 10:51:08.106762-07:00,,Baltoy,ground psychic,40,40,55,40,70,55
344,2022-06-06 10:51:08.106762-07:00,2022-06-06 10:51:08.106762-07:00,,Claydol,ground psychic,60,70,105,70,120,75
345,2022-06-06 10:51:08.106762-07:00,2022-06-06 10:51:08.106762-07:00,,Lileep,rock grass,66,41,77,61,87,23
346,2022-06-06 10:51:08.106762-07:00,2022-06-06 10:51:08.106762-07:00,,Cradily,rock grass,86,81,97,81,107,43
347,2022-06-06 10:51:08.106762-07:00,2022-06-06 10:51:08.106762-07:00,,Anorith,rock bug,45,95,50,40,50,75
348,2022-06-06 10:51:08.106762-07:00,2022-06-06 10:51:08.106762-07:00,,Armaldo,rock bug,75,125,100,70,80,45
349,2022-06-06 10:51:08.106762-07:00,2022-06-06 10:51:08.106762-07:00,,Feebas,water nan,20,15,20,10,55,80
350,2022-06-06 10:51:08.106762-07:00,2022-06-06 10:51:08.106762-07:00,,Milotic,water nan,95,60,79,100,125,81
351,2022-06-06 10:51:08.106762-07:00,2022-06-06 10:51:08.106762-07:00,,Castform,normal nan,70,70,70,70,70,70
352,2022-06-06 10:51:08.106762-07:00,2022-06-06 10:51:08.106762-07:00,,Kecleon,normal nan,60,90,70,60,120,40
353,2022-06-06 10:51:08.106762-07:00,2022-06-06 10:51:08.106762-07:00,,Shuppet,ghost nan,44,75,35,63,33,45
354,2022-06-06 10:51:08.106762-07:00,2022-06-06 10:51:08.106762-07:00,,Banette,ghost nan,64,165,75,93,83,75
355,2022-06-06 10:51:08.106762-07:00,2022-06-06 10:51:08.106762-07:00,,Duskull,ghost nan,20,40,90,30,90,25
356,2022-06-06 10:51:08.106762-07:00,2022-06-06 10:51:08.106762-07:00,,Dusclops,ghost nan,40,70,130,60,130,25
357,2022-06-06 10:51:08.106762-07:00,2022-06-06 10:51:08.106762-07:00,,Tropius,grass flying,99,68,83,72,87,51
358,2022-06-06 10:51:08.106762-07:00,2022-06-06 10:51:08.106762-07:00,,Chimecho,psychic nan,75,50,80,95,90,65
359,2022-06-06 10:51:08.106762-07:00,2022-06-06 10:51:08.106762-07:00,,Absol,dark nan,65,150,60,115,60,115
360,2022-06-06 10:51:08.106762-07:00,2022-06-06 10:51:08.106762-07:00,,Wynaut,psychic nan,95,23,48,23,48,23
361,2022-06-06 10:51:08.106762-07:00,2022-06-06 10:51:08.106762-07:00,,Snorunt,ice nan,50,50,50,50,50,50
362,2022-06-06 10:51:08.106762-07:00,2022-06-06 10:51:08.106762-07:00,,Glalie,ice nan,80,120,80,120,80,100
363,2022-06-06 10:51:08.106762-07:00,2022-06-06 10:51:08.106762-07:00,,Spheal,ice water,70,40,50,55,50,25
364,2022-06-06 10:51:08.106762-07:00,2022-06-06 10:51:08.106762-07:00,,Sealeo,ice water,90,60,70,75,70,45
365,2022-06-06 10:51:08.106762-07:00,2022-06-06 10:51:08.106762-07:00,,Walrein,ice water,110,80,90,95,90,65
366,2022-06-06 10:51:08.106762-07:00,2022-06-06 10:51:08.106762-07:00,,Clamperl,water nan,35,64,85,74,55,32
367,2022-06-06 10:51:08.106762-07:00,2022-06-06 10:51:08.106762-07:00,,Huntail,water nan,55,104,105,94,75,52
368,2022-06-06 10:51:08.106762-07:00,2022-06-06 10:51:08.106762-07:00,,Gorebyss,water nan,55,84,105,114,75,52
369,2022-06-06 10:51:08.106762-07:00,2022-06-06 10:51:08.106762-07:00,,Relicanth,water rock,100,90,130,45,65,55
370,2022-06-06 10:51:08.106762-07:00,2022-06-06 10:51:08.106762-07:00,,Luvdisc,water nan,43,30,55,40,65,97
371,2022-06-06 10:51:08.106762-07:00,2022-06-06 10:51:08.106762-07:00,,Bagon,dragon nan,45,75,60,40,30,50
372,2022-06-06 10:51:08.106762-07:00,2022-06-06 10:51:08.106762-07:00,,Shelgon,dragon nan,65,95,100,60,50,50
373,2022-06-06 10:51:08.106762-07:00,2022-06-06 10:51:08.106762-07:00,,Salamence,dragon flying,95,145,130,120,90,120
374,2022-06-06 10:51:08.106762-07:00,2022-06-06 10:51:08.106762-07:00,,Beldum,steel psychic,40,55,80,35,60,30
375,2022-06-06 10:51:08.106762-07:00,2022-06-06 10:51:08.106762-07:00,,Metang,steel psychic,60,75,100,55,80,50
376,2022-06-06 10:51:08.106762-07:00,2022-06-06 10:51:08.106762-07:00,,Metagross,steel psychic,80,145,150,105,110,110
377,2022-06-06 10:51:08.106762-07:00,2022-06-06 10:51:08.106762-07:00,,Regirock,rock nan,80,100,200,50,100,50
378,2022-06-06 10:51:08.106762-07:00,2022-06-06 10:51:08.106762-07:00,,Regice,ice nan,80,50,100,100,200,50
379,2022-06-06 10:51:08.106762-07:00,2022-06-06 10:51:08.106762-07:00,,Registeel,steel nan,80,75,150,75,150,50
380,2022-06-06 10:51:08.106762-07:00,2022-06-06 10:51:08.106762-07:00,,Latias,dragon psychic,80,100,120,140,150,110
381,2022-06-06 10:51:08.106762-07:00,2022-06-06 10:51:08.106762-07:00,,Latios,dragon psychic,80,130,100,160,120,110
382,2022-06-06 10:51:08.106762-07:00,2022-06-06 10:51:08.106762-07:00,,Kyogre,water nan,100,150,90,180,160,90
383,2022-06-06 10:51:08.106762-07:00,2022-06-06 10:51:08.106762-07:00,,Groudon,ground nan,100,180,160,150,90,90
384,2022-06-06 10:51:08.106762-07:00,2022-06-06 10:51:08.106762-07:00,,Rayquaza,dragon flying,105,180,100,180,100,115
385,2022-06-06 10:51:08.106762-07:00,2022-06-06 10:51:08.106762-07:00,,Jirachi,steel psychic,100,100,100,100,100,100
386,2022-06-06 10:51:08.106762-07:00,2022-06-06 10:51:08.106762-07:00,,Deoxys,psychic nan,50,95,90,95,90,180
387,2022-06-06 10:51:08.106762-07:00,2022-06-06 10:51:08.106762-07:00,,Turtwig,grass nan,55,68,64,45,55,31
388,2022-06-06 10:51:08.106762-07:00,2022-06-06 10:51:08.106762-07:00,,Grotle,grass nan,75,89,85,55,65,36
389,2022-06-06 10:51:08.106762-07:00,2022-06-06 10:51:08.106762-07:00,,Torterra,grass ground,95,109,105,75,85,56
390,2022-06-06 10:51:08.106762-07:00,2022-06-06 10:51:08.106762-07:00,,Chimchar,fire nan,44,58,44,58,44,61
391,2022-06-06 10:51:08.106762-07:00,2022-06-06 10:51:08.106762-07:00,,Monferno,fire fighting,64,78,52,78,52,81
392,2022-06-06 10:51:08.106762-07:00,2022-06-06 10:51:08.106762-07:00,,Infernape,fire fighting,76,104,71,104,71,108
393,2022-06-06 10:51:08.106762-07:00,2022-06-06 10:51:08.106762-07:00,,Piplup,water nan,53,51,53,61,56,40
394,2022-06-06 10:51:08.106762-07:00,2022-06-06 10:51:08.106762-07:00,,Prinplup,water nan,64,66,68,81,76,50
395,2022-06-06 10:51:08.106762-07:00,2022-06-06 10:51:08.106762-07:00,,Empoleon,water steel,84,86,88,111,101,60
396,2022-06-06 10:51:08.106762-07:00,2022-06-06 10:51:08.106762-07:00,,Starly,normal flying,40,55,30,30,30,60
397,2022-06-06 10:51:08.106762-07:00,2022-06-06 10:51:08.106762-07:00,,Staravia,normal flying,55,75,50,40,40,80
398,2022-06-06 10:51:08.106762-07:00,2022-06-06 10:51:08.106762-07:00,,Staraptor,normal flying,85,120,70,50,60,100
399,2022-06-06 10:51:08.106762-07:00,2022-06-06 10:51:08.106762-07:00,,Bidoof,normal nan,59,45,40,35,40,31
400,2022-06-06 10:51:08.106762-07:00,2022-06-06 10:51:08.106762-07:00,,Bibarel,normal water,79,85,60,55,60,71
401,2022-06-06 10:51:08.106762-07:00,2022-06-06 10:51:08.106762-07:00,,Kricketot,bug nan,37,25,41,25,41,25
402,2022-06-06 10:51:08.106762-07:00,2022-06-06 10:51:08.106762-07:00,,Kricketune,bug nan,77,85,51,55,51,65
403,2022-06-06 10:51:08.106762-07:00,2022-06-06 10:51:08.106762-07:00,,Shinx,electric nan,45,65,34,40,34,45
404,2022-06-06 10:51:08.106762-07:00,2022-06-06 10:51:08.106762-07:00,,Luxio,electric nan,60,85,49,60,49,60
405,2022-06-06 10:51:08.106762-07:00,2022-06-06 10:51:08.106762-07:00,,Luxray,electric nan,80,120,79,95,79,70
406,2022-06-06 10:51:08.106762-07:00,2022-06-06 10:51:08.106762-07:00,,Budew,grass poison,40,30,35,50,70,55
407,2022-06-06 10:51:08.106762-07:00,2022-06-06 10:51:08.106762-07:00,,Roserade,grass poison,60,70,65,125,105,90
408,2022-06-06 10:51:08.106762-07:00,2022-06-06 10:51:08.106762-07:00,,Cranidos,rock nan,67,125,40,30,30,58
409,2022-06-06 10:51:08.106762-07:00,2022-06-06 10:51:08.106762-07:00,,Rampardos,rock nan,97,165,60,65,50,58
410,2022-06-06 10:51:08.106762-07:00,2022-06-06 10:51:08.106762-07:00,,Shieldon,rock steel,30,42,118,42,88,30
411,2022-06-06 10:51:08.106762-07:00,2022-06-06 10:51:08.106762-07:00,,Bastiodon,rock steel,60,52,168,47,138,30
412,2022-06-06 10:51:08.106762-07:00,2022-06-06 10:51:08.106762-07:00,,Burmy,bug nan,40,29,45,29,45,36
413,2022-06-06 10:51:08.106762-07:00,2022-06-06 10:51:08.106762-07:00,,Wormadam,bug grass,60,69,95,69,95,36
414,2022-06-06 10:51:08.106762-07:00,2022-06-06 10:51:08.106762-07:00,,Mothim,bug flying,70,94,50,94,50,66
415,2022-06-06 10:51:08.106762-07:00,2022-06-06 10:51:08.106762-07:00,,Combee,bug flying,30,30,42,30,42,70
416,2022-06-06 10:51:08.106762-07:00,2022-06-06 10:51:08.106762-07:00,,Vespiquen,bug flying,70,80,102,80,102,40
417,2022-06-06 10:51:08.106762-07:00,2022-06-06 10:51:08.106762-07:00,,Pachirisu,electric nan,60,45,70,45,90,95
418,2022-06-06 10:51:08.106762-07:00,2022-06-06 10:51:08.106762-07:00,,Buizel,water nan,55,65,35,60,30,85
419,2022-06-06 10:51:08.106762-07:00,2022-06-06 10:51:08.106762-07:00,,Floatzel,water nan,85,105,55,85,50,115
420,2022-06-06 10:51:08.106762-07:00,2022-06-06 10:51:08.106762-07:00,,Cherubi,grass nan,45,35,45,62,53,35
421,2022-06-06 10:51:08.106762-07:00,2022-06-06 10:51:08.106762-07:00,,Cherrim,grass nan,70,60,70,87,78,85
422,2022-06-06 10:51:08.106762-07:00,2022-06-06 10:51:08.106762-07:00,,Shellos,water nan,76,48,48,57,62,34
423,2022-06-06 10:51:08.106762-07:00,2022-06-06 10:51:08.106762-07:00,,Gastrodon,water ground,111,83,68,92,82,39
424,2022-06-06 10:51:08.106762-07:00,2022-06-06 10:51:08.106762-07:00,,Ambipom,normal nan,75,100,66,60,66,115
425,2022-06-06 10:51:08.106762-07:00,2022-06-06 10:51:08.106762-07:00,,Drifloon,ghost flying,90,50,34,60,44,70
426,2022-06-06 10:51:08.106762-07:00,2022-06-06 10:51:08.106762-07:00,,Drifblim,ghost flying,150,80,44,90,54,80
427,2022-06-06 10:51:08.106762-07:00,2022-06-06 10:51:08.106762-07:00,,Buneary,normal nan,55,66,44,44,56,85
428,2022-06-06 10:51:08.106762-07:00,2022-06-06 10:51:08.106762-07:00,,Lopunny,normal nan,65,136,94,54,96,135
429,2022-06-06 10:51:08.106762-07:00,2022-06-06 10:51:08.106762-07:00,,Mismagius,ghost nan,60,60,60,105,105,105
430,2022-06-06 10:51:08.106762-07:00,2022-06-06 10:51:08.106762-07:00,,Honchkrow,dark flying,100,125,52,105,52,71
431,2022-06-06 10:51:08.106762-07:00,2022-06-06 10:51:08.106762-07:00,,Glameow,normal nan,49,55,42,42,37,85
432,2022-06-06 10:51:08.106762-07:00,2022-06-06 10:51:08.106762-07:00,,Purugly,normal nan,71,82,64,64,59,112
433,2022-06-06 10:51:08.106762-07:00,2022-06-06 10:51:08.106762-07:00,,Chingling,psychic nan,45,30,50,65,50,45
434,2022-06-06 10:51:08.106762-07:00,2022-06-06 10:51:08.106762-07:00,,Stunky,poison dark,63,63,47,41,41,74
435,2022-06-06 10:51:08.106762-07:00,2022-06-06 10:51:08.106762-07:00,,Skuntank,poison dark,103,93,67,71,61,84
436,2022-06-06 10:51:08.106762-07:00,2022-06-06 10:51:08.106762-07:00,,Bronzor,steel psychic,57,24,86,24,86,23
437,2022-06-06 10:51:08.106762-07:00,2022-06-06 10:51:08.106762-07:00,,Bronzong,steel psychic,67,89,116,79,116,33
438,2022-06-06 10:51:08.106762-07:00,2022-06-06 10:51:08.106762-07:00,,Bonsly,rock nan,50,80,95,10,45,10
439,2022-06-06 10:51:08.106762-07:00,2022-06-06 10:51:08.106762-07:00,,Mime Jr.,psychic fairy,20,25,45,70,90,60
440,2022-06-06 10:51:08.106762-07:00,2022-06-06 10:51:08.106762-07:00,,Happiny,normal nan,100,5,5,15,65,30
441,2022-06-06 10:51:08.106762-07:00,2022-06-06 10:51:08.106762-07:00,,Chatot,normal flying,76,65,45,92,42,91
442,2022-06-06 10:51:08.106762-07:00,2022-06-06 10:51:08.106762-07:00,,Spiritomb,ghost dark,50,92,108,92,108,35
443,2022-06-06 10:51:08.106762-07:00,2022-06-06 10:51:08.106762-07:00,,Gible,dragon ground,58,70,45,40,45,42
444,2022-06-06 10:51:08.106762-07:00,2022-06-06 10:51:08.106762-07:00,,Gabite,dragon ground,68,90,65,50,55,82
445,2022-06-06 10:51:08.106762-07:00,2022-06-06 10:51:08.106762-07:00,,Garchomp,dragon ground,108,170,115,120,95,92
446,2022-06-06 10:51:08.106762-07:00,2022-06-06 10:51:08.106762-07:00,,Munchlax,normal nan,135,85,40,40,85,5
447,2022-06-06 10:51:08.106762-07:00,2022-06-06 10:51:08.106762-07:00,,Riolu,fighting nan,40,70,40,35,40,60
448,2022-06-06 10:51:08.106762-07:00,2022-06-06 10:51:08.106762-07:00,,Lucario,fighting steel,70,145,88,140,70,112
449,2022-06-06 10:51:08.106762-07:00,2022-06-06 10:51:08.106762-07:00,,Hippopotas,ground nan,68,72,78,38,42,32
450,2022-06-06 10:51:08.106762-07:00,2022-06-06 10:51:08.106762-07:00,,Hippowdon,ground nan,108,112,118,68,72,47
451,2022-06-06 10:51:08.106762-07:00,2022-06-06 10:51:08.106762-07:00,,Skorupi,poison bug,40,50,90,30,55,65
452,2022-06-06 10:51:08.106762-07:00,2022-06-06 10:51:08.106762-07:00,,Drapion,poison dark,70,90,110,60,75,95
453,2022-06-06 10:51:08.106762-07:00,2022-06-06 10:51:08.106762-07:00,,Croagunk,poison fighting,48,61,40,61,40,50
454,2022-06-06 10:51:08.106762-07:00,2022-06-06 10:51:08.106762-07:00,,Toxicroak,poison fighting,83,106,65,86,65,85
455,2022-06-06 10:51:08.106762-07:00,2022-06-06 10:51:08.106762-07:00,,Carnivine,grass nan,74,100,72,90,72,46
456,2022-06-06 10:51:08.106762-07:00,2022-06-06 10:51:08.106762-07:00,,Finneon,water nan,49,49,56,49,61,66
457,2022-06-06 10:51:08.106762-07:00,2022-06-06 10:51:08.106762-07:00,,Lumineon,water nan,69,69,76,69,86,91
458,2022-06-06 10:51:08.106762-07:00,2022-06-06 10:51:08.106762-07:00,,Mantyke,water flying,45,20,50,60,120,50
459,2022-06-06 10:51:08.106762-07:00,2022-06-06 10:51:08.106762-07:00,,Snover,grass ice,60,62,50,62,60,40
460,2022-06-06 10:51:08.106762-07:00,2022-06-06 10:51:08.106762-07:00,,Abomasnow,grass ice,90,132,105,132,105,30
461,2022-06-06 10:51:08.106762-07:00,2022-06-06 10:51:08.106762-07:00,,Weavile,dark ice,70,120,65,45,85,125
462,2022-06-06 10:51:08.106762-07:00,2022-06-06 10:51:08.106762-07:00,,Magnezone,electric steel,70,70,115,130,90,60
463,2022-06-06 10:51:08.106762-07:00,2022-06-06 10:51:08.106762-07:00,,Lickilicky,normal nan,110,85,95,80,95,50
464,2022-06-06 10:51:08.106762-07:00,2022-06-06 10:51:08.106762-07:00,,Rhyperior,ground rock,115,140,130,55,55,40
465,2022-06-06 10:51:08.106762-07:00,2022-06-06 10:51:08.106762-07:00,,Tangrowth,grass nan,100,100,125,110,50,50
466,2022-06-06 10:51:08.106762-07:00,2022-06-06 10:51:08.106762-07:00,,Electivire,electric nan,75,123,67,95,85,95
467,2022-06-06 10:51:08.106762-07:00,2022-06-06 10:51:08.106762-07:00,,Magmortar,fire nan,75,95,67,125,95,83
468,2022-06-06 10:51:08.106762-07:00,2022-06-06 10:51:08.106762-07:00,,Togekiss,fairy flying,85,50,95,120,115,80
469,2022-06-06 10:51:08.106762-07:00,2022-06-06 10:51:08.106762-07:00,,Yanmega,bug flying,86,76,86,116,56,95
470,2022-06-06 10:51:08.106762-07:00,2022-06-06 10:51:08.106762-07:00,,Leafeon,grass nan,65,110,130,60,65,95
471,2022-06-06 10:51:08.106762-07:00,2022-06-06 10:51:08.106762-07:00,,Glaceon,ice nan,65,60,110,130,95,65
472,2022-06-06 10:51:08.106762-07:00,2022-06-06 10:51:08.106762-07:00,,Gliscor,ground flying,75,95,125,45,75,95
473,2022-06-06 10:51:08.106762-07:00,2022-06-06 10:51:08.106762-07:00,,Mamoswine,ice ground,110,130,80,70,60,80
474,2022-06-06 10:51:08.106762-07:00,2022-06-06 10:51:08.106762-07:00,,Porygon-Z,normal nan,85,80,70,135,75,90
475,2022-06-06 10:51:08.106762-07:00,2022-06-06 10:51:08.106762-07:00,,Gallade,psychic fighting,68,165,95,65,115,110
476,2022-06-06 10:51:08.106762-07:00,2022-06-06 10:51:08.106762-07:00,,Probopass,rock steel,60,55,145,75,150,40
477,2022-06-06 10:51:08.106762-07:00,2022-06-06 10:51:08.106762-07:00,,Dusknoir,ghost nan,45,100,135,65,135,45
478,2022-06-06 10:51:08.106762-07:00,2022-06-06 10:51:08.106762-07:00,,Froslass,ice ghost,70,80,70,80,70,110
479,2022-06-06 10:51:08.106762-07:00,2022-06-06 10:51:08.106762-07:00,,Rotom,electric ghost,50,65,107,105,107,86
480,2022-06-06 10:51:08.106762-07:00,2022-06-06 10:51:08.106762-07:00,,Uxie,psychic nan,75,75,130,75,130,95
481,2022-06-06 10:51:08.106762-07:00,2022-06-06 10:51:08.106762-07:00,,Mesprit,psychic nan,80,105,105,105,105,80
482,2022-06-06 10:51:08.106762-07:00,2022-06-06 10:51:08.106762-07:00,,Azelf,psychic nan,75,125,70,125,70,115
483,2022-06-06 10:51:08.106762-07:00,2022-06-06 10:51:08.106762-07:00,,Dialga,steel dragon,100,120,120,150,100,90
484,2022-06-06 10:51:08.106762-07:00,2022-06-06 10:51:08.106762-07:00,,Palkia,water dragon,90,120,100,150,120,100
485,2022-06-06 10:51:08.106762-07:00,2022-06-06 10:51:08.106762-07:00,,Heatran,fire steel,91,90,106,130,106,77
486,2022-06-06 10:51:08.106762-07:00,2022-06-06 10:51:08.106762-07:00,,Regigigas,normal nan,110,160,110,80,110,100
487,2022-06-06 10:51:08.106762-07:00,2022-06-06 10:51:08.106762-07:00,,Giratina,ghost dragon,150,120,100,120,100,90
488,2022-06-06 10:51:08.106762-07:00,2022-06-06 10:51:08.106762-07:00,,Cresselia,psychic nan,120,70,120,75,130,85
489,2022-06-06 10:51:08.106762-07:00,2022-06-06 10:51:08.106762-07:00,,Phione,water nan,80,80,80,80,80,80
490,2022-06-06 10:51:08.106762-07:00,2022-06-06 10:51:08.106762-07:00,,Manaphy,water nan,100,100,100,100,100,100
491,2022-06-06 10:51:08.106762-07:00,2022-06-06 10:51:08.106762-07:00,,Darkrai,dark nan,70,90,90,135,90,125
492,2022-06-06 10:51:08.106762-07:00,2022-06-06 10:51:08.106762-07:00,,Shaymin,grass grass,100,103,75,120,75,127
493,2022-06-06 10:51:08.106762-07:00,2022-06-06 10:51:08.106762-07:00,,Arceus,normal nan,120,120,120,120,120,120
494,2022-06-06 10:51:08.106762-07:00,2022-06-06 10:51:08.106762-07:00,,Victini,psychic fire,100,100,100,100,100,100
495,2022-06-06 10:51:08.106762-07:00,2022-06-06 10:51:08.106762-07:00,,Snivy,grass nan,45,45,55,45,55,63
496,2022-06-06 10:51:08.106762-07:00,2022-06-06 10:51:08.106762-07:00,,Servine,grass nan,60,60,75,60,75,83
497,2022-06-06 10:51:08.106762-07:00,2022-06-06 10:51:08.106762-07:00,,Serperior,grass nan,75,75,95,75,95,113
498,2022-06-06 10:51:08.106762-07:00,2022-06-06 10:51:08.106762-07:00,,Tepig,fire nan,65,63,45,45,45,45
499,2022-06-06 10:51:08.106762-07:00,2022-06-06 10:51:08.106762-07:00,,Pignite,fire fighting,90,93,55,70,55,55
500,2022-06-06 10:51:08.106762-07:00,2022-06-06 10:51:08.106762-07:00,,Emboar,fire fighting,110,123,65,100,65,65
501,2022-06-06 10:51:08.106762-07:00,2022-06-06 10:51:08.106762-07:00,,Oshawott,water nan,55,55,45,63,45,45
502,2022-06-06 10:51:08.106762-07:00,2022-06-06 10:51:08.106762-07:00,,Dewott,water nan,75,75,60,83,60,60
503,2022-06-06 10:51:08.106762-07:00,2022-06-06 10:51:08.106762-07:00,,Samurott,water nan,95,100,85,108,70,70
504,2022-06-06 10:51:08.106762-07:00,2022-06-06 10:51:08.106762-07:00,,Patrat,normal nan,45,55,39,35,39,42
505,2022-06-06 10:51:08.106762-07:00,2022-06-06 10:51:08.106762-07:00,,Watchog,normal nan,60,85,69,60,69,77
506,2022-06-06 10:51:08.106762-07:00,2022-06-06 10:51:08.106762-07:00,,Lillipup,normal nan,45,60,45,25,45,55
507,2022-06-06 10:51:08.106762-07:00,2022-06-06 10:51:08.106762-07:00,,Herdier,normal nan,65,80,65,35,65,60
508,2022-06-06 10:51:08.106762-07:00,2022-06-06 10:51:08.106762-07:00,,Stoutland,normal nan,85,110,90,45,90,80
509,2022-06-06 10:51:08.106762-07:00,2022-06-06 10:51:08.106762-07:00,,Purrloin,dark nan,41,50,37,50,37,66
510,2022-06-06 10:51:08.106762-07:00,2022-06-06 10:51:08.106762-07:00,,Liepard,dark nan,64,88,50,88,50,106
511,2022-06-06 10:51:08.106762-07:00,2022-06-06 10:51:08.106762-07:00,,Pansage,grass nan,50,53,48,53,48,64
512,2022-06-06 10:51:08.106762-07:00,2022-06-06 10:51:08.106762-07:00,,Simisage,grass nan,75,98,63,98,63,101
513,2022-06-06 10:51:08.106762-07:00,2022-06-06 10:51:08.106762-07:00,,Pansear,fire nan,50,53,48,53,48,64
514,2022-06-06 10:51:08.106762-07:00,2022-06-06 10:51:08.106762-07:00,,Simisear,fire nan,75,98,63,98,63,101
515,2022-06-06 10:51:08.106762-07:00,2022-06-06 10:51:08.106762-07:00,,Panpour,water nan,50,53,48,53,48,64
516,2022-06-06 10:51:08.106762-07:00,2022-06-06 10:51:08.106762-07:00,,Simipour,water nan,75,98,63,98,63,101
517,2022-06-06 10:51:08.106762-07:00,2022-06-06 10:51:08.106762-07:00,,Munna,psychic nan,76,25,45,67,55,24
518,2022-06-06 10:51:08.106762-07:00,2022-06-06 10:51:08.106762-07:00,,Musharna,psychic nan,116,55,85,107,95,29
519,2022-06-06 10:51:08.106762-07:00,2022-06-06 10:51:08.106762-07:00,,Pidove,normal flying,50,55,50,36,30,43
520,2022-06-06 10:51:08.106762-07:00,2022-06-06 10:51:08.106762-07:00,,Tranquill,normal flying,62,77,62,50,42,65
521,2022-06-06 10:51:08.106762-07:00,2022-06-06 10:51:08.106762-07:00,,Unfezant,normal flying,80,115,80,65,55,93
522,2022-06-06 10:51:08.106762-07:00,2022-06-06 10:51:08.106762-07:00,,Blitzle,electric nan,45,60,32,50,32,76
523,2022-06-06 10:51:08.106762-07:00,2022-06-06 10:51:08.106762-07:00,,Zebstrika,electric nan,75,100,63,80,63,116
524,2022-06-06 10:51:08.106762-07:00,2022-06-06 10:51:08.106762-07:00,,Roggenrola,rock nan,55,75,85,25,25,15
525,2022-06-06 10:51:08.106762-07:00,2022-06-06 10:51:08.106762-07:00,,Boldore,rock nan,70,105,105,50,40,20
526,2022-06-06 10:51:08.106762-07:00,2022-06-06 10:51:08.106762-07:00,,Gigalith,rock nan,85,135,130,60,80,25
527,2022-06-06 10:51:08.106762-07:00,2022-06-06 10:51:08.106762-07:00,,Woobat,psychic flying,65,45,43,55,43,72
528,2022-06-06 10:51:08.106762-07:00,2022-06-06 10:51:08.106762-07:00,,Swoobat,psychic flying,67,57,55,77,55,114
529,2022-06-06 10:51:08.106762-07:00,2022-06-06 10:51:08.106762-07:00,,Drilbur,ground nan,60,85,40,30,45,68
530,2022-06-06 10:51:08.106762-07:00,2022-06-06 10:51:08.106762-07:00,,Excadrill,ground steel,110,135,60,50,65,88
531,2022-06-06 10:51:08.106762-07:00,2022-06-06 10:51:08.106762-07:00,,Audino,normal nan,103,60,126,80,126,50
532,2022-06-06 10:51:08.106762-07:00,2022-06-06 10:51:08.106762-07:00,,Timburr,fighting nan,75,80,55,25,35,35
533,2022-06-06 10:51:08.106762-07:00,2022-06-06 10:51:08.106762-07:00,,Gurdurr,fighting nan,85,105,85,40,50,40
534,2022-06-06 10:51:08.106762-07:00,2022-06-06 10:51:08.106762-07:00,,Conkeldurr,fighting nan,105,140,95,55,65,45
535,2022-06-06 10:51:08.106762-07:00,2022-06-06 10:51:08.106762-07:00,,Tympole,water nan,50,50,40,50,40,64
536,2022-06-06 10:51:08.106762-07:00,2022-06-06 10:51:08.106762-07:00,,Palpitoad,water ground,75,65,55,65,55,69
537,2022-06-06 10:51:08.106762-07:00,2022-06-06 10:51:08.106762-07:00,,Seismitoad,water ground,105,95,75,85,75,74
538,2022-06-06 10:51:08.106762-07:00,2022-06-06 10:51:08.106762-07:00,,Throh,fighting nan,120,100,85,30,85,45
539,2022-06-06 10:51:08.106762-07:00,2022-06-06 10:51:08.106762-07:00,,Sawk,fighting nan,75,125,75,30,75,85
540,2022-06-06 10:51:08.106762-07:00,2022-06-06 10:51:08.106762-07:00,,Sewaddle,bug grass,45,53,70,40,60,42
541,2022-06-06 10:51:08.106762-07:00,2022-06-06 10:51:08.106762-07:00,,Swadloon,bug grass,55,63,90,50,80,42
542,2022-06-06 10:51:08.106762-07:00,2022-06-06 10:51:08.106762-07:00,,Leavanny,bug grass,75,103,80,70,80,92
543,2022-06-06 10:51:08.106762-07:00,2022-06-06 10:51:08.106762-07:00,,Venipede,bug poison,30,45,59,30,39,57
544,2022-06-06 10:51:08.106762-07:00,2022-06-06 10:51:08.106762-07:00,,Whirlipede,bug poison,40,55,99,40,79,47
545,2022-06-06 10:51:08.106762-07:00,2022-06-06 10:51:08.106762-07:00,,Scolipede,bug poison,60,100,89,55,69,112
546,2022-06-06 10:51:08.106762-07:00,2022-06-06 10:51:08.106762-07:00,,Cottonee,grass fairy,40,27,60,37,50,66
547,2022-06-06 10:51:08.106762-07:00,2022-06-06 10:51:08.106762-07:00,,Whimsicott,grass fairy,60,67,85,77,75,116
548,2022-06-06 10:51:08.106762-07:00,2022-06-06 10:51:08.106762-07:00,,Petilil,grass nan,45,35,50,70,50,30
549,2022-06-06 10:51:08.106762-07:00,2022-06-06 10:51:08.106762-07:00,,Lilligant,grass nan,70,60,75,110,75,90
550,2022-06-06 10:51:08.106762-07:00,2022-06-06 10:51:08.106762-07:00,,Basculin,water nan,70,92,65,80,55,98
551,2022-06-06 10:51:08.106762-07:00,2022-06-06 10:51:08.106762-07:00,,Sandile,ground dark,50,72,35,35,35,65
552,2022-06-06 10:51:08.106762-07:00,2022-06-06 10:51:08.106762-07:00,,Krokorok,ground dark,60,82,45,45,45,74
553,2022-06-06 10:51:08.106762-07:00,2022-06-06 10:51:08.106762-07:00,,Krookodile,ground dark,95,117,80,65,70,92
554,2022-06-06 10:51:08.106762-07:00,2022-06-06 10:51:08.106762-07:00,,Darumaka,fire nan,70,90,45,15,45,50
555,2022-06-06 10:51:08.106762-07:00,2022-06-06 10:51:08.106762-07:00,,Darmanitan,fire fire,105,30,105,140,105,55
556,2022-06-06 10:51:08.106762-07:00,2022-06-06 10:51:08.106762-07:00,,Maractus,grass nan,75,86,67,106,67,60
557,2022-06-06 10:51:08.106762-07:00,2022-06-06 10:51:08.106762-07:00,,Dwebble,bug rock,50,65,85,35,35,55
558,2022-06-06 10:51:08.106762-07:00,2022-06-06 10:51:08.106762-07:00,,Crustle,bug rock,70,105,125,65,75,45
559,2022-06-06 10:51:08.106762-07:00,2022-06-06 10:51:08.106762-07:00,,Scraggy,dark fighting,50,75,70,35,70,48
560,2022-06-06 10:51:08.106762-07:00,2022-06-06 10:51:08.106762-07:00,,Scrafty,dark fighting,65,90,115,45,115,58
561,2022-06-06 10:51:08.106762-07:00,2022-06-06 10:51:08.106762-07:00,,Sigilyph,psychic flying,72,58,80,103,80,97
562,2022-06-06 10:51:08.106762-07:00,2022-06-06 10:51:08.106762-07:00,,Yamask,ghost nan,38,30,85,55,65,30
563,2022-06-06 10:51:08.106762-07:00,2022-06-06 10:51:08.106762-07:00,,Cofagrigus,ghost nan,58,50,145,95,105,30
564,2022-06-06 10:51:08.106762-07:00,2022-06-06 10:51:08.106762-07:00,,Tirtouga,water rock,54,78,103,53,45,22
565,2022-06-06 10:51:08.106762-07:00,2022-06-06 10:51:08.106762-07:00,,Carracosta,water rock,74,108,133,83,65,32
566,2022-06-06 10:51:08.106762-07:00,2022-06-06 10:51:08.106762-07:00,,Archen,rock flying,55,112,45,74,45,70
567,2022-06-06 10:51:08.106762-07:00,2022-06-06 10:51:08.106762-07:00,,Archeops,rock flying,75,140,65,112,65,110
568,2022-06-06 10:51:08.106762-07:00,2022-06-06 10:51:08.106762-07:00,,Trubbish,poison nan,50,50,62,40,62,65
569,2022-06-06 10:51:08.106762-07:00,2022-06-06 10:51:08.106762-07:00,,Garbodor,poison nan,80,95,82,60,82,75
570,2022-06-06 10:51:08.106762-07:00,2022-06-06 10:51:08.106762-07:00,,Zorua,dark nan,40,65,40,80,40,65
571,2022-06-06 10:51:08.106762-07:00,2022-06-06 10:51:08.106762-07:00,,Zoroark,dark nan,60,105,60,120,60,105
572,2022-06-06 10:51:08.106762-07:00,2022-06-06 10:51:08.106762-07:00,,Minccino,normal nan,55,50,40,40,40,75
573,2022-06-06 10:51:08.106762-07:00,2022-06-06 10:51:08.106762-07:00,,Cinccino,normal nan,75,95,60,65,60,115
574,2022-06-06 10:51:08.106762-07:00,2022-06-06 10:51:08.106762-07:00,,Gothita,psychic nan,45,30,50,55,65,45
575,2022-06-06 10:51:08.106762-07:00,2022-06-06 10:51:08.106762-07:00,,Gothorita,psychic nan,60,45,70,75,85,55
576,2022-06-06 10:51:08.106762-07:00,2022-06-06 10:51:08.106762-07:00,,Gothitelle,psychic nan,70,55,95,95,110,65
577,2022-06-06 10:51:08.106762-07:00,2022-06-06 10:51:08.106762-07:00,,Solosis,psychic nan,45,30,40,105,50,20
578,2022-06-06 10:51:08.106762-07:00,2022-06-06 10:51:08.106762-07:00,,Duosion,psychic nan,65,40,50,125,60,30
579,2022-06-06 10:51:08.106762-07:00,2022-06-06 10:51:08.106762-07:00,,Reuniclus,psychic nan,110,65,75,125,85,30
580,2022-06-06 10:51:08.106762-07:00,2022-06-06 10:51:08.106762-07:00,,Ducklett,water flying,62,44,50,44,50,55
581,2022-06-06 10:51:08.106762-07:00,2022-06-06 10:51:08.106762-07:00,,Swanna,water flying,75,87,63,87,63,98
582,2022-06-06 10:51:08.106762-07:00,2022-06-06 10:51:08.106762-07:00,,Vanillite,ice nan,36,50,50,65,60,44
583,2022-06-06 10:51:08.106762-07:00,2022-06-06 10:51:08.106762-07:00,,Vanillish,ice nan,51,65,65,80,75,59
584,2022-06-06 10:51:08.106762-07:00,2022-06-06 10:51:08.106762-07:00,,Vanilluxe,ice nan,71,95,85,110,95,79
585,2022-06-06 10:51:08.106762-07:00,2022-06-06 10:51:08.106762-07:00,,Deerling,normal grass,60,60,50,40,50,75
586,2022-06-06 10:51:08.106762-07:00,2022-06-06 10:51:08.106762-07:00,,Sawsbuck,normal grass,80,100,70,60,70,95
587,2022-06-06 10:51:08.106762-07:00,2022-06-06 10:51:08.106762-07:00,,Emolga,electric flying,55,75,60,75,60,103
588,2022-06-06 10:51:08.106762-07:00,2022-06-06 10:51:08.106762-07:00,,Karrablast,bug nan,50,75,45,40,45,60
589,2022-06-06 10:51:08.106762-07:00,2022-06-06 10:51:08.106762-07:00,,Escavalier,bug steel,70,135,105,60,105,20
590,2022-06-06 10:51:08.106762-07:00,2022-06-06 10:51:08.106762-07:00,,Foongus,grass poison,69,55,45,55,55,15
591,2022-06-06 10:51:08.106762-07:00,2022-06-06 10:51:08.106762-07:00,,Amoonguss,grass poison,114,85,70,85,80,30
592,2022-06-06 10:51:08.106762-07:00,2022-06-06 10:51:08.106762-07:00,,Frillish,water ghost,55,40,50,65,85,40
593,2022-06-06 10:51:08.106762-07:00,2022-06-06 10:51:08.106762-07:00,,Jellicent,water ghost,100,60,70,85,105,60
594,2022-06-06 10:51:08.106762-07:00,2022-06-06 10:51:08.106762-07:00,,Alomomola,water nan,165,75,80,40,45,65
595,2022-06-06 10:51:08.106762-07:00,2022-06-06 10:51:08.106762-07:00,,Joltik,bug electric,50,47,50,57,50,65
596,2022-06-06 10:51:08.106762-07:00,2022-06-06 10:51:08.106762-07:00,,Galvantula,bug electric,70,77,60,97,60,108
597,2022-06-06 10:51:08.106762-07:00,2022-06-06 10:51:08.106762-07:00,,Ferroseed,grass steel,44,50,91,24,86,10
598,2022-06-06 10:51:08.106762-07:00,2022-06-06 10:51:08.106762-07:00,,Ferrothorn,grass steel,74,94,131,54,116,20
599,2022-06-06 10:51:08.106762-07:00,2022-06-06 10:51:08.106762-07:00,,Klink,steel nan,40,55,70,45,60,30
600,2022-06-06 10:51:08.106762-07:00,2022-06-06 10:51:08.106762-07:00,,Klang,steel nan,60,80,95,70,85,50
601,2022-06-06 10:51:08.106762-07:00,2022-06-06 10:51:08.106762-07:00,,Klinklang,steel nan,60,100,115,70,85,90
602,2022-06-06 10:51:08.106762-07:00,2022-06-06 10:51:08.106762-07:00,,Tynamo,electric nan,35,55,40,45,40,60
603,2022-06-06 10:51:08.106762-07:00,2022-06-06 10:51:08.106762-07:00,,Eelektrik,electric nan,65,85,70,75,70,40
604,2022-06-06 10:51:08.106762-07:00,2022-06-06 10:51:08.106762-07:00,,Eelektross,electric nan,85,115,80,105,80,50
605,2022-06-06 10:51:08.106762-07:00,2022-06-06 10:51:08.106762-07:00,,Elgyem,psychic nan,55,55,55,85,55,30
606,2022-06-06 10:51:08.106762-07:00,2022-06-06 10:51:08.106762-07:00,,Beheeyem,psychic nan,75,75,75,125,95,40
607,2022-06-06 10:51:08.106762-07:00,2022-06-06 10:51:08.106762-07:00,,Litwick,ghost fire,50,30,55,65,55,20
608,2022-06-06 10:51:08.106762-07:00,2022-06-06 10:51:08.106762-07:00,,Lampent,ghost fire,60,40,60,95,60,55
609,2022-06-06 10:51:08.106762-07:00,2022-06-06 10:51:08.106762-07:00,,Chandelure,ghost fire,60,55,90,145,90,80
610,2022-06-06 10:51:08.106762-07:00,2022-06-06 10:51:08.106762-07:00,,Axew,dragon nan,46,87,60,30,40,57
611,2022-06-06 10:51:08.106762-07:00,2022-06-06 10:51:08.106762-07:00,,Fraxure,dragon nan,66,117,70,40,50,67
612,2022-06-06 10:51:08.106762-07:00,2022-06-06 10:51:08.106762-07:00,,Haxorus,dragon nan,76,147,90,60,70,97
613,2022-06-06 10:51:08.106762-07:00,2022-06-06 10:51:08.106762-07:00,,Cubchoo,ice nan,55,70,40,60,40,40
614,2022-06-06 10:51:08.106762-07:00,2022-06-06 10:51:08.106762-07:00,,Beartic,ice nan,95,130,80,70,80,50
615,2022-06-06 10:51:08.106762-07:00,2022-06-06 10:51:08.106762-07:00,,Cryogonal,ice nan,80,50,50,95,135,105
616,2022-06-06 10:51:08.106762-07:00,2022-06-06 10:51:08.106762-07:00,,Shelmet,bug nan,50,40,85,40,65,25
617,2022-06-06 10:51:08.106762-07:00,2022-06-06 10:51:08.106762-07:00,,Accelgor,bug nan,80,70,40,100,60,145
618,2022-06-06 10:51:08.106762-07:00,2022-06-06 10:51:08.106762-07:00,,Stunfisk,ground electric,109,66,84,81,99,32
619,2022-06-06 10:51:08.106762-07:00,2022-06-06 10:51:08.106762-07:00,,Mienfoo,fighting nan,45,85,50,55,50,65
620,2022-06-06 10:51:08.106762-07:00,2022-06-06 10:51:08.106762-07:00,,Mienshao,fighting nan,65,125,60,95,60,105
621,2022-06-06 10:51:08.106762-07:00,2022-06-06 10:51:08.106762-07:00,,Druddigon,dragon nan,77,120,90,60,90,48
622,2022-06-06 10:51:08.106762-07:00,2022-06-06 10:51:08.106762-07:00,,Golett,ground ghost,59,74,50,35,50,35
623,2022-06-06 10:51:08.106762-07:00,2022-06-06 10:51:08.106762-07:00,,Golurk,ground ghost,89,124,80,55,80,55
624,2022-06-06 10:51:08.106762-07:00,2022-06-06 10:51:08.106762-07:00,,Pawniard,dark steel,45,85,70,40,40,60
625,2022-06-06 10:51:08.106762-07:00,2022-06-06 10:51:08.106762-07:00,,Bisharp,dark steel,65,125,100,60,70,70
626,2022-06-06 10:51:08.106762-07:00,2022-06-06 10:51:08.106762-07:00,,Bouffalant,normal nan,95,110,95,40,95,55
627,2022-06-06 10:51:08.106762-07:00,2022-06-06 10:51:08.106762-07:00,,Rufflet,normal flying,70,83,50,37,50,60
628,2022-06-06 10:51:08.106762-07:00,2022-06-06 10:51:08.106762-07:00,,Braviary,normal flying,100,123,75,57,75,80
629,2022-06-06 10:51:08.106762-07:00,2022-06-06 10:51:08.106762-07:00,,Vullaby,dark flying,70,55,75,45,65,60
630,2022-06-06 10:51:08.106762-07:00,2022-06-06 10:51:08.106762-07:00,,Mandibuzz,dark flying,110,65,105,55,95,80
631,2022-06-06 10:51:08.106762-07:00,2022-06-06 10:51:08.106762-07:00,,Heatmor,fire nan,85,97,66,105,66,65
632,2022-06-06 10:51:08.106762-07:00,2022-06-06 10:51:08.106762-07:00,,Durant,bug steel,58,109,112,48,48,109
633,2022-06-06 10:51:08.106762-07:00,2022-06-06 10:51:08.106762-07:00,,Deino,dark dragon,52,65,50,45,50,38
634,2022-06-06 10:51:08.106762-07:00,2022-06-06 10:51:08.106762-07:00,,Zweilous,dark dragon,72,85,70,65,70,58
635,2022-06-06 10:51:08.106762-07:00,2022-06-06 10:51:08.106762-07:00,,Hydreigon,dark dragon,92,105,90,125,90,98
636,2022-06-06 10:51:08.106762-07:00,2022-06-06 10:51:08.106762-07:00,,Larvesta,bug fire,55,85,55,50,55,60
637,2022-06-06 10:51:08.106762-07:00,2022-06-06 10:51:08.106762-07:00,,Volcarona,bug fire,85,60,65,135,105,100
638,2022-06-06 10:51:08.106762-07:00,2022-06-06 10:51:08.106762-07:00,,Cobalion,steel fighting,91,90,129,90,72,108
639,2022-06-06 10:51:08.106762-07:00,2022-06-06 10:51:08.106762-07:00,,Terrakion,rock fighting,91,129,90,72,90,108
640,2022-06-06 10:51:08.106762-07:00,2022-06-06 10:51:08.106762-07:00,,Virizion,grass fighting,91,90,72,90,129,108
641,2022-06-06 10:51:08.106762-07:00,2022-06-06 10:51:08.106762-07:00,,Tornadus,flying nan,79,100,80,110,90,121
642,2022-06-06 10:51:08.106762-07:00,2022-06-06 10:51:08.106762-07:00,,Thundurus,electric flying,79,105,70,145,80,101
643,2022-06-06 10:51:08.106762-07:00,2022-06-06 10:51:08.106762-07:00,,Reshiram,dragon fire,100,120,100,150,120,90
644,2022-06-06 10:51:08.106762-07:00,2022-06-06 10:51:08.106762-07:00,,Zekrom,dragon electric,100,150,120,120,100,90
645,2022-06-06 10:51:08.106762-07:00,2022-06-06 10:51:08.106762-07:00,,Landorus,ground flying,89,145,90,105,80,91
646,2022-06-06 10:51:08.106762-07:00,2022-06-06 10:51:08.106762-07:00,,Kyurem,dragon ice,125,120,90,170,100,95
647,2022-06-06 10:51:08.106762-07:00,2022-06-06 10:51:08.106762-07:00,,Keldeo,water fighting,91,72,90,129,90,108
648,2022-06-06 10:51:08.106762-07:00,2022-06-06 10:51:08.106762-07:00,,Meloetta,normal psychic,100,128,90,77,77,128
649,2022-06-06 10:51:08.106762-07:00,2022-06-06 10:51:08.106762-07:00,,Genesect,bug steel,71,120,95,120,95,99
650,2022-06-06 10:51:08.106762-07:00,2022-06-06 10:51:08.106762-07:00,,Chespin,grass nan,56,61,65,48,45,38
651,2022-06-06 10:51:08.106762-07:00,2022-06-06 10:51:08.106762-07:00,,Quilladin,grass nan,61,78,95,56,58,57
652,2022-06-06 10:51:08.106762-07:00,2022-06-06 10:51:08.106762-07:00,,Chesnaught,grass fighting,88,107,122,74,75,64
653,2022-06-06 10:51:08.106762-07:00,2022-06-06 10:51:08.106762-07:00,,Fennekin,fire nan,40,45,40,62,60,60
654,2022-06-06 10:51:08.106762-07:00,2022-06-06 10:51:08.106762-07:00,,Braixen,fire nan,59,59,58,90,70,73
655,2022-06-06 10:51:08.106762-07:00,2022-06-06 10:51:08.106762-07:00,,Delphox,fire psychic,75,69,72,114,100,104
656,2022-06-06 10:51:08.106762-07:00,2022-06-06 10:51:08.106762-07:00,,Froakie,water nan,41,56,40,62,44,71
657,2022-06-06 10:51:08.106762-07:00,2022-06-06 10:51:08.106762-07:00,,Frogadier,water nan,54,63,52,83,56,97
658,2022-06-06 10:51:08.106762-07:00,2022-06-06 10:51:08.106762-07:00,,Greninja,water dark,72,145,67,153,71,132
659,2022-06-06 10:51:08.106762-07:00,2022-06-06 10:51:08.106762-07:00,,Bunnelby,normal nan,38,36,38,32,36,57
660,2022-06-06 10:51:08.106762-07:00,2022-06-06 10:51:08.106762-07:00,,Diggersby,normal ground,85,56,77,50,77,78
661,2022-06-06 10:51:08.106762-07:00,2022-06-06 10:51:08.106762-07:00,,Fletchling,normal flying,45,50,43,40,38,62
662,2022-06-06 10:51:08.106762-07:00,2022-06-06 10:51:08.106762-07:00,,Fletchinder,fire flying,62,73,55,56,52,84
663,2022-06-06 10:51:08.106762-07:00,2022-06-06 10:51:08.106762-07:00,,Talonflame,fire flying,78,81,71,74,69,126
664,2022-06-06 10:51:08.106762-07:00,2022-06-06 10:51:08.106762-07:00,,Scatterbug,bug nan,38,35,40,27,25,35
665,2022-06-06 10:51:08.106762-07:00,2022-06-06 10:51:08.106762-07:00,,Spewpa,bug nan,45,22,60,27,30,29
666,2022-06-06 10:51:08.106762-07:00,2022-06-06 10:51:08.106762-07:00,,Vivillon,bug flying,80,52,50,90,50,89
667,2022-06-06 10:51:08.106762-07:00,2022-06-06 10:51:08.106762-07:00,,Litleo,fire normal,62,50,58,73,54,72
668,2022-06-06 10:51:08.106762-07:00,2022-06-06 10:51:08.106762-07:00,,Pyroar,fire normal,86,68,72,109,66,106
669,2022-06-06 10:51:08.106762-07:00,2022-06-06 10:51:08.106762-07:00,,Flabébé,fairy nan,44,38,39,61,79,42
670,2022-06-06 10:51:08.106762-07:00,2022-06-06 10:51:08.106762-07:00,,Floette,fairy nan,74,65,67,125,128,92
671,2022-06-06 10:51:08.106762-07:00,2022-06-06 10:51:08.106762-07:00,,Florges,fairy nan,78,65,68,112,154,75
672,2022-06-06 10:51:08.106762-07:00,2022-06-06 10:51:08.106762-07:00,,Skiddo,grass nan,66,65,48,62,57,52
673,2022-06-06 10:51:08.106762-07:00,2022-06-06 10:51:08.106762-07:00,,Gogoat,grass nan,123,100,62,97,81,68
674,2022-06-06 10:51:08.106762-07:00,2022-06-06 10:51:08.106762-07:00,,Pancham,fighting nan,67,82,62,46,48,43
675,2022-06-06 10:51:08.106762-07:00,2022-06-06 10:51:08.106762-07:00,,Pangoro,fighting dark,95,124,78,69,71,58
676,2022-06-06 10:51:08.106762-07:00,2022-06-06 10:51:08.106762-07:00,,Furfrou,normal nan,75,80,60,65,90,102
677,2022-06-06 10:51:08.106762-07:00,2022-06-06 10:51:08.106762-07:00,,Espurr,psychic nan,62,48,54,63,60,68
678,2022-06-06 10:51:08.106762-07:00,2022-06-06 10:51:08.106762-07:00,,Meowstic,psychic nan,74,48,76,83,81,104
679,2022-06-06 10:51:08.106762-07:00,2022-06-06 10:51:08.106762-07:00,,Honedge,steel ghost,45,80,100,35,37,28
680,2022-06-06 10:51:08.106762-07:00,2022-06-06 10:51:08.106762-07:00,,Doublade,steel ghost,59,110,150,45,49,35
681,2022-06-06 10:51:08.106762-07:00,2022-06-06 10:51:08.106762-07:00,,Aegislash,steel ghost,60,150,50,150,50,60
682,2022-06-06 10:51:08.106762-07:00,2022-06-06 10:51:08.106762-07:00,,Spritzee,fairy nan,78,52,60,63,65,23
683,2022-06-06 10:51:08.106762-07:00,2022-06-06 10:51:08.106762-07:00,,Aromatisse,fairy nan,101,72,72,99,89,29
684,2022-06-06 10:51:08.106762-07:00,2022-06-06 10:51:08.106762-07:00,,Swirlix,fairy nan,62,48,66,59,57,49
685,2022-06-06 10:51:08.106762-07:00,2022-06-06 10:51:08.106762-07:00,,Slurpuff,fairy nan,82,80,86,85,75,72
686,2022-06-06 10:51:08.106762-07:00,2022-06-06 10:51:08.106762-07:00,,Inkay,dark psychic,53,54,53,37,46,45
687,2022-06-06 10:51:08.106762-07:00,2022-06-06 10:51:08.106762-07:00,,Malamar,dark psychic,86,92,88,68,75,73
688,2022-06-06 10:51:08.106762-07:00,2022-06-06 10:51:08.106762-07:00,,Binacle,rock water,42,52,67,39,56,50
689,2022-06-06 10:51:08.106762-07:00,2022-06-06 10:51:08.106762-07:00,,Barbaracle,rock water,72,105,115,54,86,68
690,2022-06-06 10:51:08.106762-07:00,2022-06-06 10:51:08.106762-07:00,,Skrelp,poison water,50,60,60,60,60,30
691,2022-06-06 10:51:08.106762-07:00,2022-06-06 10:51:08.106762-07:00,,Dragalge,poison dragon,65,75,90,97,123,44
692,2022-06-06 10:51:08.106762-07:00,2022-06-06 10:51:08.106762-07:00,,Clauncher,water nan,50,53,62,58,63,44
693,2022-06-06 10:51:08.106762-07:00,2022-06-06 10:51:08.106762-07:00,,Clawitzer,water nan,71,73,88,120,89,59
694,2022-06-06 10:51:08.106762-07:00,2022-06-06 10:51:08.106762-07:00,,Helioptile,electric normal,44,38,33,61,43,70
695,2022-06-06 10:51:08.106762-07:00,2022-06-06 10:51:08.106762-07:00,,Heliolisk,electric normal,62,55,52,109,94,109
696,2022-06-06 10:51:08.106762-07:00,2022-06-06 10:51:08.106762-07:00,,Tyrunt,rock dragon,58,89,77,45,45,48
697,2022-06-06 10:51:08.106762-07:00,2022-06-06 10:51:08.106762-07:00,,Tyrantrum,rock dragon,82,121,119,69,59,71
698,2022-06-06 10:51:08.106762-07:00,2022-06-06 10:51:08.106762-07:00,,Amaura,rock ice,77,59,50,67,63,46
699,2022-06-06 10:51:08.106762-07:00,2022-06-06 10:51:08.106762-07:00,,Aurorus,rock ice,123,77,72,99,92,58
700,2022-06-06 10:51:08.106762-07:00,2022-06-06 10:51:08.106762-07:00,,Sylveon,fairy nan,95,65,65,110,130,60
701,2022-06-06 10:51:08.106762-07:00,2022-06-06 10:51:08.106762-07:00,,Hawlucha,fighting flying,78,92,75,74,63,118
702,2022-06-06 10:51:08.106762-07:00,2022-06-06 10:51:08.106762-07:00,,Dedenne,electric fairy,67,58,57,81,67,101
703,2022-06-06 10:51:08.106762-07:00,2022-06-06 10:51:08.106762-07:00,,Carbink,rock fairy,50,50,150,50,150,50
704,2022-06-06 10:51:08.106762-07:00,2022-06-06 10:51:08.106762-07:00,,Goomy,dragon nan,45,50,35,55,75,40
705,2022-06-06 10:51:08.106762-07:00,2022-06-06 10:51:08.106762-07:00,,Sliggoo,dragon nan,68,75,53,83,113,60
706,2022-06-06 10:51:08.106762-07:00,2022-06-06 10:51:08.106762-07:00,,Goodra,dragon nan,90,100,70,110,150,80
707,2022-06-06 10:51:08.106762-07:00,2022-06-06 10:51:08.106762-07:00,,Klefki,steel fairy,57,80,91,80,87,75
708,2022-06-06 10:51:08.106762-07:00,2022-06-06 10:51:08.106762-07:00,,Phantump,ghost grass,43,70,48,50,60,38
709,2022-06-06 10:51:08.106762-07:00,2022-06-06 10:51:08.106762-07:00,,Trevenant,ghost grass,85,110,76,65,82,56
710,2022-06-06 10:51:08.106762-07:00,2022-06-06 10:51:08.106762-07:00,,Pumpkaboo,ghost grass,59,66,70,44,55,41
711,2022-06-06 10:51:08.106762-07:00,2022-06-06 10:51:08.106762-07:00,,Gourgeist,ghost grass,85,100,122,58,75,54
712,2022-06-06 10:51:08.106762-07:00,2022-06-06 10:51:08.106762-07:00,,Bergmite,ice nan,55,69,85,32,35,28
713,2022-06-06 10:51:08.106762-07:00,2022-06-06 10:51:08.106762-07:00,,Avalugg,ice nan,95,117,184,44,46,28
714,2022-06-06 10:51:08.106762-07:00,2022-06-06 10:51:08.106762-07:00,,Noibat,flying dragon,40,30,35,45,40,55
715,2022-06-06 10:51:08.106762-07:00,2022-06-06 10:51:08.106762-07:00,,Noivern,flying dragon,85,70,80,97,80,123
716,2022-06-06 10:51:08.106762-07:00,2022-06-06 10:51:08.106762-07:00,,Xerneas,fairy nan,126,131,95,131,98,99
717,2022-06-06 10:51:08.106762-07:00,2022-06-06 10:51:08.106762-07:00,,Yveltal,dark flying,126,131,95,131,98,99
718,2022-06-06 10:51:08.106762-07:00,2022-06-06 10:51:08.106762-07:00,,Zygarde,dragon ground,216,100,121,91,95,85
719,2022-06-06 10:51:08.106762-07:00,2022-06-06 10:51:08.106762-07:00,,Diancie,rock fairy,50,160,110,160,110,110
720,2022-06-06 10:51:08.106762-07:00,2022-06-06 10:51:08.106762-07:00,,Hoopa,psychic ghost,80,160,60,170,130,80
721,2022-06-06 10:51:08.106762-07:00,2022-06-06 10:51:08.106762-07:00,,Volcanion,fire water,80,110,120,130,90,70
722,2022-06-06 10:51:08.106762-07:00,2022-06-06 10:51:08.106762-07:00,,Rowlet,grass flying,68,55,55,50,50,42
723,2022-06-06 10:51:08.106762-07:00,2022-06-06 10:51:08.106762-07:00,,Dartrix,grass flying,78,75,75,70,70,52
724,2022-06-06 10:51:08.106762-07:00,2022-06-06 10:51:08.106762-07:00,,Decidueye,grass ghost,78,107,75,100,100,70
725,2022-06-06 10:51:08.106762-07:00,2022-06-06 10:51:08.106762-07:00,,Litten,fire nan,45,65,40,60,40,70
726,2022-06-06 10:51:08.106762-07:00,2022-06-06 10:51:08.106762-07:00,,Torracat,fire nan,65,85,50,80,50,90
727,2022-06-06 10:51:08.106762-07:00,2022-06-06 10:51:08.106762-07:00,,Incineroar,fire dark,95,115,90,80,90,60
728,2022-06-06 10:51:08.106762-07:00,2022-06-06 10:51:08.106762-07:00,,Popplio,water nan,50,54,54,66,56,40
729,2022-06-06 10:51:08.106762-07:00,2022-06-06 10:51:08.106762-07:00,,Brionne,water nan,60,69,69,91,81,50
730,2022-06-06 10:51:08.106762-07:00,2022-06-06 10:51:08.106762-07:00,,Primarina,water fairy,80,74,74,126,116,60
731,2022-06-06 10:51:08.106762-07:00,2022-06-06 10:51:08.106762-07:00,,Pikipek,normal flying,35,75,30,30,30,65
732,2022-06-06 10:51:08.106762-07:00,2022-06-06 10:51:08.106762-07:00,,Trumbeak,normal flying,55,85,50,40,50,75
733,2022-06-06 10:51:08.106762-07:00,2022-06-06 10:51:08.106762-07:00,,Toucannon,normal flying,80,120,75,75,75,60
734,2022-06-06 10:51:08.106762-07:00,2022-06-06 10:51:08.106762-07:00,,Yungoos,normal nan,48,70,30,30,30,45
735,2022-06-06 10:51:08.106762-07:00,2022-06-06 10:51:08.106762-07:00,,Gumshoos,normal nan,88,110,60,55,60,45
736,2022-06-06 10:51:08.106762-07:00,2022-06-06 10:51:08.106762-07:00,,Grubbin,bug nan,47,62,45,55,45,46
737,2022-06-06 10:51:08.106762-07:00,2022-06-06 10:51:08.106762-07:00,,Charjabug,bug electric,57,82,95,55,75,36
738,2022-06-06 10:51:08.106762-07:00,2022-06-06 10:51:08.106762-07:00,,Vikavolt,bug electric,77,70,90,145,75,43
739,2022-06-06 10:51:08.106762-07:00,2022-06-06 10:51:08.106762-07:00,,Crabrawler,fighting nan,47,82,57,42,47,63
740,2022-06-06 10:51:08.106762-07:00,2022-06-06 10:51:08.106762-07:00,,Crabominable,fighting ice,97,132,77,62,67,43
741,2022-06-06 10:51:08.106762-07:00,2022-06-06 10:51:08.106762-07:00,,Oricorio,fire flying,75,70,70,98,70,93
742,2022-06-06 10:51:08.106762-07:00,2022-06-06 10:51:08.106762-07:00,,Cutiefly,bug fairy,40,45,40,55,40,84
743,2022-06-06 10:51:08.106762-07:00,2022-06-06 10:51:08.106762-07:00,,Ribombee,bug fairy,60,55,60,95,70,124
744,2022-06-06 10:51:08.106762-07:00,2022-06-06 10:51:08.106762-07:00,,Rockruff,rock nan,45,65,40,30,40,60
745,2022-06-06 10:51:08.106762-07:00,2022-06-06 10:51:08.106762-07:00,,Lycanroc,rock nan,85,115,75,55,75,82
746,2022-06-06 10:51:08.106762-07:00,2022-06-06 10:51:08.106762-07:00,,Wishiwashi,water nan,45,140,130,140,135,30
747,2022-06-06 10:51:08.106762-07:00,2022-06-06 10:51:08.106762-07:00,,Mareanie,poison water,50,53,62,43,52,45
748,2022-06-06 10:51:08.106762-07:00,2022-06-06 10:51:08.106762-07:00,,Toxapex,poison water,50,63,152,53,142,35
749,2022-06-06 10:51:08.106762-07:00,2022-06-06 10:51:08.106762-07:00,,Mudbray,ground nan,70,100,70,45,55,45
750,2022-06-06 10:51:08.106762-07:00,2022-06-06 10:51:08.106762-07:00,,Mudsdale,ground nan,100,125,100,55,85,35
751,2022-06-06 10:51:08.106762-07:00,2022-06-06 10:51:08.106762-07:00,,Dewpider,water bug,38,40,52,40,72,27
752,2022-06-06 10:51:08.106762-07:00,2022-06-06 10:51:08.106762-07:00,,Araquanid,water bug,68,70,92,50,132,42
753,2022-06-06 10:51:08.106762-07:00,2022-06-06 10:51:08.106762-07:00,,Fomantis,grass nan,40,55,35,50,35,35
754,2022-06-06 10:51:08.106762-07:00,2022-06-06 10:51:08.106762-07:00,,Lurantis,grass nan,70,105,90,80,90,45
755,2022-06-06 10:51:08.106762-07:00,2022-06-06 10:51:08.106762-07:00,,Morelull,grass fairy,40,35,55,65,75,15
756,2022-06-06 10:51:08.106762-07:00,2022-06-06 10:51:08.106762-07:00,,Shiinotic,grass fairy,60,45,80,90,100,30
757,2022-06-06 10:51:08.106762-07:00,2022-06-06 10:51:08.106762-07:00,,Salandit,poison fire,48,44,40,71,40,77
758,2022-06-06 10:51:08.106762-07:00,2022-06-06 10:51:08.106762-07:00,,Salazzle,poison fire,68,64,60,111,60,117
759,2022-06-06 10:51:08.106762-07:00,2022-06-06 10:51:08.106762-07:00,,Stufful,normal fighting,70,75,50,45,50,50
760,2022-06-06 10:51:08.106762-07:00,2022-06-06 10:51:08.106762-07:00,,Bewear,normal fighting,120,125,80,55,60,60
761,2022-06-06 10:51:08.106762-07:00,2022-06-06 10:51:08.106762-07:00,,Bounsweet,grass nan,42,30,38,30,38,32
762,2022-06-06 10:51:08.106762-07:00,2022-06-06 10:51:08.106762-07:00,,Steenee,grass nan,52,40,48,40,48,62
763,2022-06-06 10:51:08.106762-07:00,2022-06-06 10:51:08.106762-07:00,,Tsareena,grass nan,72,120,98,50,98,72
764,2022-06-06 10:51:08.106762-07:00,2022-06-06 10:51:08.106762-07:00,,Comfey,fairy nan,51,52,90,82,110,100
765,2022-06-06 10:51:08.106762-07:00,2022-06-06 10:51:08.106762-07:00,,Oranguru,normal psychic,90,60,80,90,110,60
766,2022-06-06 10:51:08.106762-07:00,2022-06-06 10:51:08.106762-07:00,,Passimian,fighting nan,100,120,90,40,60,80
767,2022-06-06 10:51:08.106762-07:00,2022-06-06 10:51:08.106762-07:00,,Wimpod,bug water,25,35,40,20,30,80
768,2022-06-06 10:51:08.106762-07:00,2022-06-06 10:51:08.106762-07:00,,Golisopod,bug water,75,125,140,60,90,40
769,2022-06-06 10:51:08.106762-07:00,2022-06-06 10:51:08.106762-07:00,,Sandygast,ghost ground,55,55,80,70,45,15
770,2022-06-06 10:51:08.106762-07:00,2022-06-06 10:51:08.106762-07:00,,Palossand,ghost ground,85,75,110,100,75,35
771,2022-06-06 10:51:08.106762-07:00,2022-06-06 10:51:08.106762-07:00,,Pyukumuku,water nan,55,60,130,30,130,5
772,2022-06-06 10:51:08.106762-07:00,2022-06-06 10:51:08.106762-07:00,,Type: Null,normal nan,95,95,95,95,95,59
773,2022-06-06 10:51:08.106762-07:00,2022-06-06 10:51:08.106762-07:00,,Silvally,normal nan,95,95,95,95,95,95
774,2022-06-06 10:51:08.106762-07:00,2022-06-06 10:51:08.106762-07:00,,Minior,rock flying,60,100,60,100,60,120
775,2022-06-06 10:51:08.106762-07:00,2022-06-06 10:51:08.106762-07:00,,Komala,normal nan,65,115,65,75,95,65
776,2022-06-06 10:51:08.106762-07:00,2022-06-06 10:51:08.106762-07:00,,Turtonator,fire dragon,60,78,135,91,85,36
777,2022-06-06 10:51:08.106762-07:00,2022-06-06 10:51:08.106762-07:00,,Togedemaru,electric steel,65,98,63,40,73,96
778,2022-06-06 10:51:08.106762-07:00,2022-06-06 10:51:08.106762-07:00,,Mimikyu,ghost fairy,55,90,80,50,105,96
779,2022-06-06 10:51:08.106762-07:00,2022-06-06 10:51:08.106762-07:00,,Bruxish,water psychic,68,105,70,70,70,92
780,2022-06-06 10:51:08.106762-07:00,2022-06-06 10:51:08.106762-07:00,,Drampa,normal dragon,78,60,85,135,91,36
781,2022-06-06 10:51:08.106762-07:00,2022-06-06 10:51:08.106762-07:00,,Dhelmise,ghost grass,70,131,100,86,90,40
782,2022-06-06 10:51:08.106762-07:00,2022-06-06 10:51:08.106762-07:00,,Jangmo-o,dragon nan,45,55,65,45,45,45
783,2022-06-06 10:51:08.106762-07:00,2022-06-06 10:51:08.106762-07:00,,Hakamo-o,dragon fighting,55,75,90,65,70,65
784,2022-06-06 10:51:08.106762-07:00,2022-06-06 10:51:08.106762-07:00,,Kommo-o,dragon fighting,75,110,125,100,105,85
785,2022-06-06 10:51:08.106762-07:00,2022-06-06 10:51:08.106762-07:00,,Tapu Koko,electric fairy,70,115,85,95,75,130
786,2022-06-06 10:51:08.106762-07:00,2022-06-06 10:51:08.106762-07:00,,Tapu Lele,psychic fairy,70,85,75,130,115,95
787,2022-06-06 10:51:08.106762-07:00,2022-06-06 10:51:08.106762-07:00,,Tapu Bulu,grass fairy,70,130,115,85,95,75
788,2022-06-06 10:51:08.106762-07:00,2022-06-06 10:51:08.106762-07:00,,Tapu Fini,water fairy,70,75,115,95,130,85
789,2022-06-06 10:51:08.106762-07:00,2022-06-06 10:51:08.106762-07:00,,Cosmog,psychic nan,43,29,31,29,31,37
790,2022-06-06 10:51:08.106762-07:00,2022-06-06 10:51:08.106762-07:00,,Cosmoem,psychic nan,43,29,131,29,131,37
791,2022-06-06 10:51:08.106762-07:00,2022-06-06 10:51:08.106762-07:00,,Solgaleo,psychic steel,137,137,107,113,89,97
792,2022-06-06 10:51:08.106762-07:00,2022-06-06 10:51:08.106762-07:00,,Lunala,psychic ghost,137,113,89,137,107,97
793,2022-06-06 10:51:08.106762-07:00,2022-06-06 10:51:08.106762-07:00,,Nihilego,rock poison,109,53,47,127,131,103
794,2022-06-06 10:51:08.106762-07:00,2022-06-06 10:51:08.106762-07:00,,Buzzwole,bug fighting,107,139,139,53,53,79
795,2022-06-06 10:51:08.106762-07:00,2022-06-06 10:51:08.106762-07:00,,Pheromosa,bug fighting,71,137,37,137,37,151
796,2022-06-06 10:51:08.106762-07:00,2022-06-06 10:51:08.106762-07:00,,Xurkitree,electric nan,83,89,71,173,71,83
797,2022-06-06 10:51:08.106762-07:00,2022-06-06 10:51:08.106762-07:00,,Celesteela,steel flying,97,101,103,107,101,61
798,2022-06-06 10:51:08.106762-07:00,2022-06-06 10:51:08.106762-07:00,,Kartana,grass steel,59,181,131,59,31,109
799,2022-06-06 10:51:08.106762-07:00,2022-06-06 10:51:08.106762-07:00,,Guzzlord,dark dragon,223,101,53,97,53,43
800,2022-06-06 10:51:08.106762-07:00,2022-06-06 10:51:08.106762-07:00,,Necrozma,psychic nan,97,107,101,127,89,79
801,2022-06-06 10:51:08.106762-07:00,2022-06-06 10:51:08.106762-07:00,,Magearna,steel fairy,80,95,115,130,115,65
